"Proteína","Nome","Classe","Tipo de molecula","Tamanho da sequencia","Codigo de acesso","Criado","Descrição","Nome do gene","Organismo","Classificacao do organismo","ID da taxonomia","Comentários","Palavras-chave","Características","Sequência","Informação da sequência","Referências"
"Q5ZZE4","Q5ZZE4_LEGPH","Unreviewed","","476","Q5ZZE4","23-NOV-2004","SubName: Full=Phosphoribosylglycinamide synthetase ATP-grasp (A) domain protein {ECO:0000313|EMBL:AAU26174.1};","OrderedLocusNames=lpg0066 {ECO:0000313|EMBL:AAU26174.1};","Legionella pneumophila subsp. pneumophila (strain Philadelphia 1 / ATCC 33152 / DSM 7513).","Bacteria,Proteobacteria,Gammaproteobacteria,Legionellales,Legionellaceae,Legionella","272624","","ATP-binding,Coiled coil,Complete proteome,Nucleotide-binding,Reference proteome","[('DOMAIN', 185, 385, 'ATP-grasp. {ECO:0000259|PROSITE:PS50975}.', ''), ('COILED', 231, 251, '{ECO:0000256|SAM:Coils}.', '')]","MHLSVYSITISILRKYFIHMSMSIVSSNQFMYYVKNSIRNLHMSIHLINYTTQPEFIKLIVQEYKNFDLTKKTILFIEPYGAVLSLLRRGLEKKYNIIVLTANSDFRVVPEEFLNQAALNINIDTANNNSVLELAGTLQQHMSIDAVIPGFEYFVPIASRVSALLKVPGIDCKHVLNLRRKDLMRAALNKAGLNSPRYYLVTSLDDINEAVDYIGFPAICKPIDAAGSVHVKKVKNKKELLEAANRILNGNDVLWGHKLSSSLLLEEYIDGKEYSLEGTVQDGVIAHFSTTEKFVSDQSEFIEIGHIVNAPIEQQLHTKIQNYIDQVIKILGADNCPFHAEVRLRRDGEPVLMEIAARLAGDKIADLLCLSRGINYFDYVYAAYLGIKMPLVEMKNNYAGIRFFYRPHTDMFTIVTGMDAAKLQTIEDIAIYYNAHVAIPEFPKPLRRLGHVIAKSEDYNKLSKMLHDIDSDIHFN","(476, 54064, '974CFDF599B62808')","[('PubMed', '15448271'), ('DOI', '10.1126/science.1099776')]"
"Q5ZYZ4","Q5ZYZ4_LEGPH","Unreviewed","","359","Q5ZYZ4","23-NOV-2004","RecName: Full=N5-carboxyaminoimidazole ribonucleotide synthase {ECO:0000256|HAMAP-Rule:MF_01928, ECO:0000256|RuleBase:RU361200}; Short=N5-CAIR synthase {ECO:0000256|HAMAP-Rule:MF_01928, ECO:0000256|RuleBase:RU361200}; EC=6.3.4.18 {ECO:0000256|HAMAP-Rule:MF_01928, ECO:0000256|RuleBase:RU361200}; AltName: Full=5-(carboxyamino)imidazole ribonucleotide synthetase {ECO:0000256|HAMAP-Rule:MF_01928, ECO:0000256|RuleBase:RU361200};","Name=purK {ECO:0000256|HAMAP-Rule:MF_01928, ECO:0000256|RuleBase:RU361200, ECO:0000313|EMBL:AAU26324.1}; OrderedLocusNames=lpg0217 {ECO:0000313|EMBL:AAU26324.1};","Legionella pneumophila subsp. pneumophila (strain Philadelphia 1 / ATCC 33152 / DSM 7513).","Bacteria,Proteobacteria,Gammaproteobacteria,Legionellales,Legionellaceae,Legionella","272624","FUNCTION: Catalyzes the ATP-dependent conversion of 5- aminoimidazole ribonucleotide (AIR) and HCO(3)(-) to N5- carboxyaminoimidazole ribonucleotide (N5-CAIR). {ECO:0000256|HAMAP-Rule:MF_01928}.,FUNCTION: Catalyzes the ATP-dependent conversion of 5- aminoimidazole ribonucleotide (AIR) and HCO(3)- to N5- carboxyaminoimidazole ribonucleotide (N5-CAIR). {ECO:0000256|RuleBase:RU361200}.,CATALYTIC ACTIVITY: ATP + 5-amino-1-(5-phospho-D-ribosyl)imidazole + HCO(3)(-) = ADP + phosphate + 5-carboxyamino-1-(5-phospho-D- ribosyl)imidazole. {ECO:0000256|HAMAP-Rule:MF_01928, ECO:0000256|RuleBase:RU361200}.,PATHWAY: Purine metabolism; IMP biosynthesis via de novo pathway; 5-amino-1-(5-phospho-D-ribosyl)imidazole-4-carboxylate from 5- amino-1-(5-phospho-D-ribosyl)imidazole (N5-CAIR route): step 1/2. {ECO:0000256|HAMAP-Rule:MF_01928, ECO:0000256|RuleBase:RU361200}.,SUBUNIT: Homodimer. {ECO:0000256|HAMAP-Rule:MF_01928, ECO:0000256|RuleBase:RU361200, ECO:0000256|SAAS:SAAS00703122}.,SIMILARITY: Belongs to the PurK/PurT family. {ECO:0000256|HAMAP- Rule:MF_01928, ECO:0000256|RuleBase:RU361200, ECO:0000256|SAAS:SAAS00653163}.","ATP-binding {ECO:0000256|HAMAP-Rule:MF_01928, ECO:0000256|PROSITE-,ProRule:PRU00409, ECO:0000256|RuleBase:RU361200,,ECO:0000256|SAAS:SAAS00653136},Complete proteome,Ligase {ECO:0000256|HAMAP-Rule:MF_01928,,ECO:0000256|RuleBase:RU361200},Lyase,Nucleotide-binding {ECO:0000256|HAMAP-Rule:MF_01928,,ECO:0000256|PROSITE-ProRule:PRU00409, ECO:0000256|RuleBase:RU361200,,ECO:0000256|SAAS:SAAS00653136},Purine biosynthesis {ECO:0000256|HAMAP-Rule:MF_01928,,ECO:0000256|RuleBase:RU361200, ECO:0000256|SAAS:SAAS00653155},Reference proteome","[('DOMAIN', 102, 286, 'ATP-grasp. {ECO:0000259|PROSITE:PS50975}.', ''), ('NP_BIND', 143, 149, 'ATP. {ECO:0000256|HAMAP-Rule:MF_01928}.', ''), ('NP_BIND', 173, 176, 'ATP. {ECO:0000256|HAMAP-Rule:MF_01928}.', ''), ('NP_BIND', 256, 257, 'ATP. {ECO:0000256|HAMAP-Rule:MF_01928}.', ''), ('BINDING', 98, 98, 'ATP. {ECO:0000256|HAMAP-Rule:MF_01928}.', ''), ('BINDING', 138, 138, 'ATP. {ECO:0000256|HAMAP-Rule:MF_01928}.', ''), ('BINDING', 181, 181, 'ATP. {ECO:0000256|HAMAP-Rule:MF_01928}.', ''), ('BINDING', 204, 204, 'ATP. {ECO:0000256|HAMAP-Rule:MF_01928}.', '')]","MKLGILGGGQLARMLALAAYPLGINTVCLDPSPDACAGQLTRLIVSDFNDELALKQFLSEVDCVTIETENIPFSCAELIAQIKPFYPSTQALKITQDRLYEKNFFRSLNIPTPEFLPVESEGELMQAITDIGMPAVLKTRRFGYDGKGQFVLRAQSDISKSWGLLGSQPLILEELISFESEFSLIAVRNKSGETSFYPLIKNHHRKGILHFSEAPVHQDTLQQEAQTHAFKILEALNYVGVLTIEFFYQGNQLIANEIAPRVHNSGHWTIEGAHTSQFENHLRALFDLPLGSTEVSGSCFLLNCIGNLLPLEPCLSIPGVHYHAYGKAPRPDRKVGHVTLIDTHLERYAKSKDLLLDIS","(359, 39918, '329DB1ED9DCB8351')","[('PubMed', '15448271'), ('DOI', '10.1126/science.1099776')]"
"Q5ZYZ3","Q5ZYZ3_LEGPH","Unreviewed","","166","Q5ZYZ3","23-NOV-2004","RecName: Full=N5-carboxyaminoimidazole ribonucleotide mutase {ECO:0000256|HAMAP-Rule:MF_01929, ECO:0000256|PIRNR:PIRNR001338}; Short=N5-CAIR mutase {ECO:0000256|HAMAP-Rule:MF_01929, ECO:0000256|PIRNR:PIRNR001338}; EC=5.4.99.18 {ECO:0000256|HAMAP-Rule:MF_01929, ECO:0000256|PIRNR:PIRNR001338}; AltName: Full=5-(carboxyamino)imidazole ribonucleotide mutase {ECO:0000256|HAMAP-Rule:MF_01929};","Name=purE {ECO:0000256|HAMAP-Rule:MF_01929, ECO:0000313|EMBL:AAU26325.1}; OrderedLocusNames=lpg0218 {ECO:0000313|EMBL:AAU26325.1};","Legionella pneumophila subsp. pneumophila (strain Philadelphia 1 / ATCC 33152 / DSM 7513).","Bacteria,Proteobacteria,Gammaproteobacteria,Legionellales,Legionellaceae,Legionella","272624","FUNCTION: Catalyzes the conversion of N5-carboxyaminoimidazole ribonucleotide (N5-CAIR) to 4-carboxy-5-aminoimidazole ribonucleotide (CAIR). {ECO:0000256|HAMAP-Rule:MF_01929, ECO:0000256|PIRNR:PIRNR001338}.,CATALYTIC ACTIVITY: 5-carboxyamino-1-(5-phospho-D- ribosyl)imidazole = 5-amino-1-(5-phospho-D-ribosyl)imidazole-4- carboxylate. {ECO:0000256|HAMAP-Rule:MF_01929, ECO:0000256|PIRNR:PIRNR001338}.,PATHWAY: Purine metabolism; IMP biosynthesis via de novo pathway; 5-amino-1-(5-phospho-D-ribosyl)imidazole-4-carboxylate from 5- amino-1-(5-phospho-D-ribosyl)imidazole (N5-CAIR route): step 2/2. {ECO:0000256|HAMAP-Rule:MF_01929, ECO:0000256|PIRNR:PIRNR001338}.,SIMILARITY: Belongs to the AIR carboxylase family. Class I subfamily. {ECO:0000256|HAMAP-Rule:MF_01929}.","Complete proteome,Isomerase {ECO:0000256|HAMAP-Rule:MF_01929,,ECO:0000256|PIRNR:PIRNR001338},Lyase,Purine biosynthesis {ECO:0000256|HAMAP-Rule:MF_01929,,ECO:0000256|PIRNR:PIRNR001338},Reference proteome","[('DOMAIN', 4, 155, 'AIRC. {ECO:0000259|SMART:SM01001}.', ''), ('BINDING', 12, 12, 'Substrate. {ECO:0000256|HAMAP- Rule:MF_01929, ECO:0000256|PIRSR:PIRSR001338-1}.', ''), ('BINDING', 15, 15, 'Substrate. {ECO:0000256|HAMAP- Rule:MF_01929, ECO:0000256|PIRSR:PIRSR001338-1}.', ''), ('BINDING', 42, 42, 'Substrate. {ECO:0000256|HAMAP- Rule:MF_01929, ECO:0000256|PIRSR:PIRSR001338-1}.', '')]","MKPILIGLIMGSQSDWQTLIHAAHTLDALNIGYEAEIVSAHRTPDKLFRYAEQAEARGLEVIIAGAGGAAHLPGMVAAKTSLPVLGVPVMSQTLNGVDSLLSIVQMPAGIPVGTLSIGKAGAINSALFAAAILANKYPDIRAALKHYREQQTQKVLDNPNPKEEKS","(166, 17527, '56C1191254A5B135')","[('PubMed', '15448271'), ('DOI', '10.1126/science.1099776')]"
"Q5ZYB2","Q5ZYB2_LEGPH","Unreviewed","","529","Q5ZYB2","23-NOV-2004","RecName: Full=Bifunctional purine biosynthesis protein PurH {ECO:0000256|HAMAP-Rule:MF_00139}; Includes: RecName: Full=IMP cyclohydrolase {ECO:0000256|HAMAP-Rule:MF_00139}; EC=3.5.4.10 {ECO:0000256|HAMAP-Rule:MF_00139}; AltName: Full=ATIC {ECO:0000256|HAMAP-Rule:MF_00139}; AltName: Full=Inosinicase {ECO:0000256|HAMAP-Rule:MF_00139}; AltName: Full=IMP synthase {ECO:0000256|HAMAP-Rule:MF_00139}; Includes: RecName: Full=Phosphoribosylaminoimidazolecarboxamide formyltransferase {ECO:0000256|HAMAP-Rule:MF_00139}; EC=2.1.2.3 {ECO:0000256|HAMAP-Rule:MF_00139}; AltName: Full=AICAR transformylase {ECO:0000256|HAMAP-Rule:MF_00139};","Name=purH {ECO:0000256|HAMAP-Rule:MF_00139, ECO:0000313|EMBL:AAU26557.1}; OrderedLocusNames=lpg0460 {ECO:0000313|EMBL:AAU26557.1};","Legionella pneumophila subsp. pneumophila (strain Philadelphia 1 / ATCC 33152 / DSM 7513).","Bacteria,Proteobacteria,Gammaproteobacteria,Legionellales,Legionellaceae,Legionella","272624","CATALYTIC ACTIVITY: 10-formyltetrahydrofolate + 5-amino-1-(5- phospho-D-ribosyl)imidazole-4-carboxamide = tetrahydrofolate + 5- formamido-1-(5-phospho-D-ribosyl)imidazole-4-carboxamide. {ECO:0000256|HAMAP-Rule:MF_00139, ECO:0000256|SAAS:SAAS00632554}.,CATALYTIC ACTIVITY: IMP + H(2)O = 5-formamido-1-(5-phospho-D- ribosyl)imidazole-4-carboxamide. {ECO:0000256|HAMAP-Rule:MF_00139, ECO:0000256|SAAS:SAAS00632535}.,PATHWAY: Purine metabolism; IMP biosynthesis via de novo pathway; 5-formamido-1-(5-phospho-D-ribosyl)imidazole-4-carboxamide from 5- amino-1-(5-phospho-D-ribosyl)imidazole-4-carboxamide (10-formyl THF route): step 1/1. {ECO:0000256|HAMAP-Rule:MF_00139, ECO:0000256|SAAS:SAAS00632546}.,PATHWAY: Purine metabolism; IMP biosynthesis via de novo pathway; IMP from 5-formamido-1-(5-phospho-D-ribosyl)imidazole-4- carboxamide: step 1/1. {ECO:0000256|HAMAP-Rule:MF_00139, ECO:0000256|SAAS:SAAS00632543}.,DOMAIN: The IMP cyclohydrolase activity resides in the N-terminal region. {ECO:0000256|HAMAP-Rule:MF_00139}.,SIMILARITY: Belongs to the PurH family. {ECO:0000256|HAMAP- Rule:MF_00139, ECO:0000256|SAAS:SAAS00632536}.","Complete proteome,Hydrolase {ECO:0000256|HAMAP-Rule:MF_00139,,ECO:0000256|SAAS:SAAS00632544},Multifunctional enzyme {ECO:0000256|HAMAP-Rule:MF_00139,,ECO:0000256|SAAS:SAAS00632570},Purine biosynthesis {ECO:0000256|HAMAP-Rule:MF_00139,,ECO:0000256|SAAS:SAAS00632540},Reference proteome,Transferase {ECO:0000256|HAMAP-Rule:MF_00139,,ECO:0000256|SAAS:SAAS00632542, ECO:0000313|EMBL:AAU26557.1}","[('DOMAIN', 24, 137, 'MGS. {ECO:0000259|SMART:SM00851}.', '')]","MAKKQIYSSFKPRRALLSVSDKRGIRELGQVLHDQGVELIATGNTAAILREHKLPVTDVSECTGFPEIMDGRVKTLHPAIHAGLLARGEEDSPVLRQHGIKPIDLLIVNLYPFEQVINHPDCDFNKAIENIDIGGPAMVRAAAKNHAHTYVIVDPNDYSKLIHYLQDQKAPSHWNFALAKKAFAHTAAYDAAIANYLTTLDNDYVPTGFPDILTCQFNKITDLRYGENPHQQAIFYADKNSHPGSLSTATLLQGKQLSYNNILDADAALDCVKSFSNEKSVCVIVKHTNPCGIALSDTSLDAYLKAFQSDPISAYGGIIAFNGTLDSDTAKAILEKQFVEVIIAPDANEEAKKILATKENTRVLLTGFWQQGNNFRLSMKKVDGGLLVQEHDSLSLESCELQTVTQIKPTDEQLQNLMFAWLAAKHVKSNAIVYANDLTTIGIGGGQTSRVMSARIGLWQAEQMGFDPKGAVMASDAFIPFPDTIEIAAKAGISAIIQPGGSIRDEKIISCADQHNIAMIFTGVRHFKH","(529, 57947, '4E3B546439967AD9')","[('PubMed', '15448271'), ('DOI', '10.1126/science.1099776')]"
"Q5ZY86","PURA_LEGPH","Reviewed","","431","Q5ZY86","07-MAR-2006","RecName: Full=Adenylosuccinate synthetase {ECO:0000255|HAMAP-Rule:MF_00011}; Short=AMPSase {ECO:0000255|HAMAP-Rule:MF_00011}; Short=AdSS {ECO:0000255|HAMAP-Rule:MF_00011}; EC=6.3.4.4 {ECO:0000255|HAMAP-Rule:MF_00011}; AltName: Full=IMP--aspartate ligase {ECO:0000255|HAMAP-Rule:MF_00011};","Name=purA {ECO:0000255|HAMAP-Rule:MF_00011}; OrderedLocusNames=lpg0486;","Legionella pneumophila subsp. pneumophila (strain Philadelphia 1 / ATCC 33152 / DSM 7513).","Bacteria,Proteobacteria,Gammaproteobacteria,Legionellales,Legionellaceae,Legionella","272624","FUNCTION: Plays an important role in the de novo pathway of purine nucleotide biosynthesis. Catalyzes the first committed step in the biosynthesis of AMP from IMP. {ECO:0000255|HAMAP-Rule:MF_00011}.,CATALYTIC ACTIVITY: GTP + IMP + L-aspartate = GDP + phosphate + N(6)-(1,2-dicarboxyethyl)-AMP. {ECO:0000255|HAMAP-Rule:MF_00011}.,COFACTOR: Name=Mg(2+); Xref=ChEBI:CHEBI:18420;   Evidence={ECO:0000255|HAMAP-Rule:MF_00011}; Note=Binds 1 Mg(2+) ion per subunit. {ECO:0000255|HAMAP- Rule:MF_00011};,PATHWAY: Purine metabolism; AMP biosynthesis via de novo pathway; AMP from IMP: step 1/2. {ECO:0000255|HAMAP-Rule:MF_00011}.,SUBUNIT: Homodimer. {ECO:0000255|HAMAP-Rule:MF_00011}.,SUBCELLULAR LOCATION: Cytoplasm {ECO:0000255|HAMAP-Rule:MF_00011}.,SIMILARITY: Belongs to the adenylosuccinate synthetase family. {ECO:0000255|HAMAP-Rule:MF_00011}.","Complete proteome,Cytoplasm,GTP-binding,Ligase,Magnesium,Metal-binding,Nucleotide-binding,Purine biosynthesis,Reference proteome","[('CHAIN', 1, 431, 'Adenylosuccinate synthetase.', 'PRO_0000224291'), ('NP_BIND', 13, 19, 'GTP. {ECO:0000255|HAMAP-Rule:MF_00011}.', ''), ('NP_BIND', 41, 43, 'GTP. {ECO:0000255|HAMAP-Rule:MF_00011}.', ''), ('NP_BIND', 332, 334, 'GTP. {ECO:0000255|HAMAP-Rule:MF_00011}.', ''), ('NP_BIND', 415, 417, 'GTP. {ECO:0000255|HAMAP-Rule:MF_00011}.', ''), ('REGION', 14, 17, 'IMP binding. {ECO:0000255|HAMAP- Rule:MF_00011}.', ''), ('REGION', 39, 42, 'IMP binding. {ECO:0000255|HAMAP- Rule:MF_00011}.', ''), ('REGION', 300, 306, 'Substrate binding. {ECO:0000255|HAMAP- Rule:MF_00011}.', ''), ('ACT_SITE', 14, 14, 'Proton acceptor. {ECO:0000255|HAMAP- Rule:MF_00011}.', ''), ('ACT_SITE', 42, 42, 'Proton donor. {ECO:0000255|HAMAP- Rule:MF_00011}.', ''), ('METAL', 14, 14, 'Magnesium. {ECO:0000255|HAMAP- Rule:MF_00011}.', ''), ('METAL', 41, 41, 'Magnesium; via carbonyl oxygen. {ECO:0000255|HAMAP-Rule:MF_00011}.', ''), ('BINDING', 130, 130, 'IMP. {ECO:0000255|HAMAP-Rule:MF_00011}.', ''), ('BINDING', 144, 144, 'IMP; shared with dimeric partner. {ECO:0000255|HAMAP-Rule:MF_00011}.', ''), ('BINDING', 225, 225, 'IMP. {ECO:0000255|HAMAP-Rule:MF_00011}.', ''), ('BINDING', 240, 240, 'IMP. {ECO:0000255|HAMAP-Rule:MF_00011}.', ''), ('BINDING', 304, 304, 'IMP. {ECO:0000255|HAMAP-Rule:MF_00011}.', ''), ('BINDING', 306, 306, 'GTP. {ECO:0000255|HAMAP-Rule:MF_00011}.', '')]","MGKNVVVLGTQWGDEGKGKIVDLLTQDAQVVVRYQGGHNAGHTLKINGVKTVLRLIPSGMLRPNVTCYIANGVVLSPQALLSEIKELEGNGINVRERLRISLACPLILPYHIALDKARETHMGKSAIGTTGRGIGPAYEDKVARRALRVGDLFHRDRFANKLTELLDYHNFVLTQYFKQPAVDLESLLGESLQWAEELRPMVCDVSACLHEHRKQGENILFEGAQGVYLDIDHGTYPYVTSSNTCVGSVINGAGFGPRYIDYVLGITKAYTTRVGGGPFPTELLDDVGKRIAERGQEFGAVTGRPRRCGWFDAVLLKRSIELNSISGLCVTKLDVLDGLEVLRIAVAYKDRDGNILSRPPLAADDFNDLLPVYEELPGWQESTADVTVMSDLPANARAYLKRIEEILGIPIDMLSTGPERDSTITLRGPFL","(431, 47381, 'D446C19AED550774')","[('PubMed', '15448271'), ('DOI', '10.1126/science.1099776')]"
"Q5ZXD1","PUR8_LEGPH","Reviewed","","456","Q5ZXD1","02-SEP-2008","RecName: Full=Adenylosuccinate lyase; Short=ASL; EC=4.3.2.2; AltName: Full=Adenylosuccinase; Short=ASase;","Name=purB; OrderedLocusNames=lpg0801;","Legionella pneumophila subsp. pneumophila (strain Philadelphia 1 / ATCC 33152 / DSM 7513).","Bacteria,Proteobacteria,Gammaproteobacteria,Legionellales,Legionellaceae,Legionella","272624","CATALYTIC ACTIVITY: N(6)-(1,2-dicarboxyethyl)AMP = fumarate + AMP.,CATALYTIC ACTIVITY: (S)-2-(5-amino-1-(5-phospho-D- ribosyl)imidazole-4-carboxamido)succinate = fumarate + 5-amino-1- (5-phospho-D-ribosyl)imidazole-4-carboxamide.,PATHWAY: Purine metabolism; AMP biosynthesis via de novo pathway; AMP from IMP: step 2/2.,PATHWAY: Purine metabolism; IMP biosynthesis via de novo pathway; 5-amino-1-(5-phospho-D-ribosyl)imidazole-4-carboxamide from 5- amino-1-(5-phospho-D-ribosyl)imidazole-4-carboxylate: step 2/2.,SUBUNIT: Homotetramer. Residues from neighboring subunits contribute catalytic and substrate-binding residues to each active site (By similarity). {ECO:0000250}.,SIMILARITY: Belongs to the lyase 1 family. Adenylosuccinate lyase subfamily. {ECO:0000305}.","3D-structure,Complete proteome,Lyase,Purine biosynthesis,Reference proteome","[('CHAIN', 1, 456, 'Adenylosuccinate lyase.', 'PRO_0000349271'), ('REGION', 15, 16, 'Substrate binding. {ECO:0000250}.', ''), ('REGION', 90, 92, 'Substrate binding. {ECO:0000250}.', ''), ('REGION', 122, 123, 'Substrate binding. {ECO:0000250}.', ''), ('REGION', 301, 303, 'Substrate binding. {ECO:0000250}.', ''), ('REGION', 340, 344, 'Substrate binding. {ECO:0000250}.', ''), ('ACT_SITE', 171, 171, 'Proton donor/acceptor. {ECO:0000250}.', ''), ('ACT_SITE', 295, 295, 'Proton donor/acceptor. {ECO:0000250}.', ''), ('BINDING', 247, 247, 'Substrate. {ECO:0000250}.', ''), ('BINDING', 309, 309, 'Substrate. {ECO:0000250}.', ''), ('BINDING', 335, 335, 'Substrate. {ECO:0000250}.', ''), ('BINDING', 340, 340, 'Substrate. {ECO:0000250}.', ''), ('HELIX', 5, 7, '{ECO:0000244|PDB:3BHG}.', ''), ('TURN', 11, 16, '{ECO:0000244|PDB:3BHG}.', ''), ('HELIX', 17, 20, '{ECO:0000244|PDB:3BHG}.', ''), ('HELIX', 21, 23, '{ECO:0000244|PDB:3BHG}.', ''), ('TURN', 24, 26, '{ECO:0000244|PDB:3BHG}.', ''), ('HELIX', 29, 48, '{ECO:0000244|PDB:3BHG}.', ''), ('HELIX', 61, 72, '{ECO:0000244|PDB:3BHG}.', ''), ('HELIX', 76, 85, '{ECO:0000244|PDB:3BHG}.', ''), ('TURN', 86, 88, '{ECO:0000244|PDB:3BHG}.', ''), ('HELIX', 92, 104, '{ECO:0000244|PDB:3BHG}.', ''), ('HELIX', 110, 116, '{ECO:0000244|PDB:3BHG}.', ''), ('TURN', 117, 120, '{ECO:0000244|PDB:3BHG}.', ''), ('HELIX', 123, 141, '{ECO:0000244|PDB:3BHG}.', ''), ('HELIX', 143, 160, '{ECO:0000244|PDB:3BHG}.', ''), ('TURN', 161, 163, '{ECO:0000244|PDB:3BHG}.', ''), ('STRAND', 165, 170, '{ECO:0000244|PDB:3BHG}.', ''), ('STRAND', 173, 179, '{ECO:0000244|PDB:3BHG}.', ''), ('HELIX', 180, 200, '{ECO:0000244|PDB:3BHG}.', ''), ('STRAND', 210, 213, '{ECO:0000244|PDB:3BHG}.', ''), ('HELIX', 215, 220, '{ECO:0000244|PDB:3BHG}.', ''), ('HELIX', 226, 236, '{ECO:0000244|PDB:3BHG}.', ''), ('STRAND', 246, 248, '{ECO:0000244|PDB:3BHG}.', ''), ('HELIX', 252, 280, '{ECO:0000244|PDB:3BHG}.', ''), ('STRAND', 283, 286, '{ECO:0000244|PDB:3BHG}.', ''), ('HELIX', 305, 327, '{ECO:0000244|PDB:3BHG}.', ''), ('HELIX', 339, 343, '{ECO:0000244|PDB:3BHG}.', ''), ('HELIX', 346, 364, '{ECO:0000244|PDB:3BHG}.', ''), ('STRAND', 367, 369, '{ECO:0000244|PDB:3BHG}.', ''), ('HELIX', 371, 379, '{ECO:0000244|PDB:3BHG}.', ''), ('HELIX', 382, 385, '{ECO:0000244|PDB:3BHG}.', ''), ('HELIX', 386, 395, '{ECO:0000244|PDB:3BHG}.', ''), ('HELIX', 401, 409, '{ECO:0000244|PDB:3BHG}.', ''), ('HELIX', 416, 424, '{ECO:0000244|PDB:3BHG}.', ''), ('HELIX', 430, 438, '{ECO:0000244|PDB:3BHG}.', ''), ('HELIX', 441, 443, '{ECO:0000244|PDB:3BHG}.', ''), ('HELIX', 448, 454, '{ECO:0000244|PDB:3BHG}.', '')]","MTLTALNAISPIDGRYVNKTRALSPYFSEFALTYYRLMVEIKWFESLAANDTIPEVPALDNKARKFLSDLISNFNESEAEKIKEFEKQTNHDVKAVEYYLQDKFQENEQLKSCVAFIHFACTSEDINNLAYALMIKQAIAQVIQPTIAEIMGSITLLGKQHADVAMLSRTHGQPATPTTMGKELVNFVARLKRPQQQLAEVLIPAKFNGAVGNYNAHVAAYPEVDWRKHCANFVTSLGLSFNAYTTQIEPHDGIAEVSQIMVRINNILLDYTQDIWSYISLGYFKQKTIAEEVGSSTMPHKVNPIDFENAEGNLGLSNALFIHFANKLTQSRMQRDLSDSTVLRNLGVAFSYSLIAYHSVAKGNDKLQINKSALQKDLSENWEVLAEAIQTVMRRYNEPNAYEQLKELTRGQMIDAENLKKFIKTLSIPEEAKAELMKLTPETYTGLATQLVKAFS","(456, 51403, '9470797DE25CFE03')","[('PubMed', '15448271'), ('DOI', '10.1126/science.1099776')]"
"Q5ZWN8","Q5ZWN8_LEGPH","Unreviewed","","289","Q5ZWN8","23-NOV-2004","SubName: Full=ATP synthase gamma subunit C-terminus {ECO:0000313|EMBL:AAU27133.1}; EC=3.6.3.14 {ECO:0000313|EMBL:AAU27133.1};","Name=atpG {ECO:0000313|EMBL:AAU27133.1}; OrderedLocusNames=lpg1047 {ECO:0000313|EMBL:AAU27133.1};","Legionella pneumophila subsp. pneumophila (strain Philadelphia 1 / ATCC 33152 / DSM 7513).","Bacteria,Proteobacteria,Gammaproteobacteria,Legionellales,Legionellaceae,Legionella","272624","","Coiled coil,Complete proteome,Hydrolase,Reference proteome","[('COILED', 240, 267, '{ECO:0000256|SAM:Coils}.', '')]","MTKRTKLKEHVHTLEEIGHIMTAMKNLSFIELGKITQCLSMQDNVIKTISEVSHDFLSFYPMPPMNQQENPPLVSILIGSERGFCGSFNDNVLHQLDVHKEHHSELEPALILVGHKLALKMPNDSRVMATIDGPNAIEEIPAVISNVLHTLEKALLQKNKTWHSWQWTILFNEEEHNQIQAKTWQPFKELDTSPAPHFSVPPVLNGSRDQFFADLVEHYLLTMCYSIFYQSFFAENHQRLFHLNQALDRLENKKNALNHRLNLLRQEEITEEIQNILQSAQAIIGHEFT","(289, 33385, '69E09BEC1A3E8420')","[('PubMed', '15448271'), ('DOI', '10.1126/science.1099776')]"
"Q5ZWN7","ATPA1_LEGPH","Reviewed","","490","Q5ZWN7","30-MAY-2006","RecName: Full=ATP synthase subunit alpha 1 {ECO:0000255|HAMAP-Rule:MF_01346}; EC=3.6.3.14 {ECO:0000255|HAMAP-Rule:MF_01346}; AltName: Full=ATP synthase F1 sector subunit alpha 1 {ECO:0000255|HAMAP-Rule:MF_01346}; AltName: Full=F-ATPase subunit alpha 1 {ECO:0000255|HAMAP-Rule:MF_01346};","Name=atpA1 {ECO:0000255|HAMAP-Rule:MF_01346}; OrderedLocusNames=lpg1048;","Legionella pneumophila subsp. pneumophila (strain Philadelphia 1 / ATCC 33152 / DSM 7513).","Bacteria,Proteobacteria,Gammaproteobacteria,Legionellales,Legionellaceae,Legionella","272624","FUNCTION: Produces ATP from ADP in the presence of a proton gradient across the membrane. The alpha chain is a regulatory subunit. {ECO:0000255|HAMAP-Rule:MF_01346}.,CATALYTIC ACTIVITY: ATP + H(2)O + H(+)(In) = ADP + phosphate + H(+)(Out). {ECO:0000255|HAMAP-Rule:MF_01346}.,SUBUNIT: F-type ATPases have 2 components, CF(1) - the catalytic core - and CF(0) - the membrane proton channel. CF(1) has five subunits: alpha(3), beta(3), gamma(1), delta(1), epsilon(1). CF(0) has three main subunits: a(1), b(2) and c(9-12). The alpha and beta chains form an alternating ring which encloses part of the gamma chain. CF(1) is attached to CF(0) by a central stalk formed by the gamma and epsilon chains, while a peripheral stalk is formed by the delta and b chains. {ECO:0000255|HAMAP- Rule:MF_01346}.,SUBCELLULAR LOCATION: Cell inner membrane {ECO:0000255|HAMAP- Rule:MF_01346}; Peripheral membrane protein {ECO:0000255|HAMAP- Rule:MF_01346}.,SIMILARITY: Belongs to the ATPase alpha/beta chains family. {ECO:0000255|HAMAP-Rule:MF_01346}.","ATP synthesis,ATP-binding,Cell inner membrane,Cell membrane,CF(1),Complete proteome,Hydrogen ion transport,Hydrolase,Ion transport,Membrane,Nucleotide-binding,Reference proteome,Transport","[('CHAIN', 1, 490, 'ATP synthase subunit alpha 1.', 'PRO_0000238272'), ('SITE', 364, 364, 'Required for activity. {ECO:0000255|HAMAP-Rule:MF_01346}.', '')]","MNWSNTPSFLEKQRQRLERYQFQIKVSEQGRVVSVGDGIIWIKGLPGAAIDEILISEDECCIAMVFHLTEELVGAVMLVQTKKLKAGTPIFPLKRVLSIPVGDKLLGRVIDPLGHPLDGGEIPPHEEQGLLDRLSPPILHRDFVNRPLYTGNKMLDNLIPIGKGQRELLIGDNGLGKSALALDIVMNQKDKKVYCVYVLIGQKRSTVSSTIQLLKEANALDYTTVVVAQATALPGLLYLAPFAGCAIAEHWMKKGLDALVIYDDLSAHANSYRELSLLLRRPPGREAFPADIFYLHSRLLERSTCLSPALGGGSMTALPIIETKEGEMATYIPTNLISITDGQIFFDESLFSSGFLPAIDITKSVSRVGGKAQHPQIKKESGRMKLDYLQFLDLELFTRFGAKLDAKMQKQIQKGRVLREILKQERFSPLPIEFQLAWLIAYNEGFFDELNLEDIPKMLKKIEEEIKQSTLSLGSPREQWKKAIKEWLMA","(490, 54851, 'FAA3FCA1BC7D1AD9')","[('PubMed', '15448271'), ('DOI', '10.1126/science.1099776')]"
"Q5ZWN6","Q5ZWN6_LEGPH","Unreviewed","","247","Q5ZWN6","23-NOV-2004","RecName: Full=ATP synthase subunit b {ECO:0000256|HAMAP-Rule:MF_01398}; AltName: Full=ATP synthase F(0) sector subunit b {ECO:0000256|HAMAP-Rule:MF_01398}; AltName: Full=ATPase subunit I {ECO:0000256|HAMAP-Rule:MF_01398}; AltName: Full=F-type ATPase subunit b {ECO:0000256|HAMAP-Rule:MF_01398}; Short=F-ATPase subunit b {ECO:0000256|HAMAP-Rule:MF_01398};","Name=atpF {ECO:0000256|HAMAP-Rule:MF_01398}; OrderedLocusNames=lpg1049 {ECO:0000313|EMBL:AAU27135.1};","Legionella pneumophila subsp. pneumophila (strain Philadelphia 1 / ATCC 33152 / DSM 7513).","Bacteria,Proteobacteria,Gammaproteobacteria,Legionellales,Legionellaceae,Legionella","272624","FUNCTION: Component of the F(0) channel, it forms part of the peripheral stalk, linking F(1) to F(0). {ECO:0000256|HAMAP- Rule:MF_01398}.,FUNCTION: F(1)F(0) ATP synthase produces ATP from ADP in the presence of a proton or sodium gradient. F-type ATPases consist of two structural domains, F(1) containing the extramembraneous catalytic core and F(0) containing the membrane proton channel, linked together by a central stalk and a peripheral stalk. During catalysis, ATP synthesis in the catalytic domain of F(1) is coupled via a rotary mechanism of the central stalk subunits to proton translocation. {ECO:0000256|HAMAP-Rule:MF_01398}.,SUBUNIT: F-type ATPases have 2 components, F(1) - the catalytic core - and F(0) - the membrane proton channel. F(1) has five subunits: alpha(3), beta(3), gamma(1), delta(1), epsilon(1). F(0) has three main subunits: a(1), b(2) and c(10-14). The alpha and beta chains form an alternating ring which encloses part of the gamma chain. F(1) is attached to F(0) by a central stalk formed by the gamma and epsilon chains, while a peripheral stalk is formed by the delta and b chains. {ECO:0000256|HAMAP-Rule:MF_01398}.,SUBCELLULAR LOCATION: Cell inner membrane {ECO:0000256|HAMAP- Rule:MF_01398}; Single-pass membrane protein {ECO:0000256|HAMAP- Rule:MF_01398}.,SIMILARITY: Belongs to the ATPase B chain family. {ECO:0000256|HAMAP-Rule:MF_01398, ECO:0000256|RuleBase:RU003848}.","ATP synthesis,Cell inner membrane,Cell membrane,CF(0) {ECO:0000256|HAMAP-Rule:MF_01398,,ECO:0000256|RuleBase:RU003848},Coiled coil,Complete proteome,Hydrogen ion transport {ECO:0000256|HAMAP-Rule:MF_01398,,ECO:0000256|RuleBase:RU003848},Hydrolase,Ion transport {ECO:0000256|HAMAP-Rule:MF_01398,,ECO:0000256|RuleBase:RU003848},Membrane,Reference proteome,Transmembrane,Transmembrane helix,Transport {ECO:0000256|HAMAP-Rule:MF_01398,,ECO:0000256|RuleBase:RU003848}","[('TRANSMEM', 12, 30, 'Helical. {ECO:0000256|HAMAP- Rule:MF_01398}.', ''), ('COILED', 31, 86, '{ECO:0000256|SAM:Coils}.', '')]","MELSWTTFSLELINFLILIWILKRFLYAPIQKTILERKKRVQEQLETAERLHRQATQLQTTYEHRLTDWQQEKATLQNEWHEAMEQWKSEERLRFEKQLHQEKEQIFSHEMQKAAAIIENNAKEAFLLAGKFAEKLLMPFADAHLEEKIIKKTIEELHHIPTEQWQWLHTVPEEETVSIQTAYPIKEHQKQDLLQVIEQLSPKKITVSFTENPKLLAGLTLQMGPMCLQANLRDELKFFIETKNELV","(247, 29465, '243089FE509ED0F5')","[('PubMed', '15448271'), ('DOI', '10.1126/science.1099776')]"
"A0A131MHR6","A0A131MHR6_LEGPN","Unreviewed","","91","A0A131MHR6","06-JUL-2016","RecName: Full=ATP synthase subunit c {ECO:0000256|HAMAP-Rule:MF_01396}; AltName: Full=ATP synthase F(0) sector subunit c {ECO:0000256|HAMAP-Rule:MF_01396}; AltName: Full=F-type ATPase subunit c {ECO:0000256|HAMAP-Rule:MF_01396}; Short=F-ATPase subunit c {ECO:0000256|HAMAP-Rule:MF_01396}; AltName: Full=Lipid-binding protein {ECO:0000256|HAMAP-Rule:MF_01396};","Name=atpE_1 {ECO:0000313|EMBL:GAN26246.1}; Synonyms=atpE {ECO:0000256|HAMAP-Rule:MF_01396}, atpE_2 {ECO:0000313|EMBL:CZI75754.1}; ORFNames=A1D14_05390 {ECO:0000313|EMBL:APX19303.1}, A9P85_05415 {ECO:0000313|EMBL:ANN92093.1}, ERS240541_01434 {ECO:0000313|EMBL:CZG84122.1}, ERS240560_02630 {ECO:0000313|EMBL:CZI75754.1}, lpymg_01128 {ECO:0000313|EMBL:GAN26246.1};","Legionella pneumophila.","Bacteria,Proteobacteria,Gammaproteobacteria,Legionellales,Legionellaceae,Legionella","446","FUNCTION: F(1)F(0) ATP synthase produces ATP from ADP in the presence of a proton or sodium gradient. F-type ATPases consist of two structural domains, F(1) containing the extramembraneous catalytic core and F(0) containing the membrane proton channel, linked together by a central stalk and a peripheral stalk. During catalysis, ATP synthesis in the catalytic domain of F(1) is coupled via a rotary mechanism of the central stalk subunits to proton translocation. {ECO:0000256|HAMAP-Rule:MF_01396}.,FUNCTION: Key component of the F(0) channel; it plays a direct role in translocation across the membrane. A homomeric c-ring of between 10-14 subunits forms the central stalk rotor element with the F(1) delta and epsilon subunits. {ECO:0000256|HAMAP- Rule:MF_01396}.,SUBCELLULAR LOCATION: Cell membrane {ECO:0000256|HAMAP- Rule:MF_01396}; Multi-pass membrane protein {ECO:0000256|HAMAP- Rule:MF_01396}.,SIMILARITY: Belongs to the ATPase C chain family. {ECO:0000256|HAMAP-Rule:MF_01396}.","ATP synthesis,Cell membrane {ECO:0000256|HAMAP-Rule:MF_01396,,ECO:0000256|SAAS:SAAS00886519},CF(0),Complete proteome {ECO:0000313|Proteomes:UP000032380,,ECO:0000313|Proteomes:UP000074166, ECO:0000313|Proteomes:UP000075114,,ECO:0000313|Proteomes:UP000092078},Hydrogen ion transport,Ion transport,Lipid-binding,Membrane {ECO:0000256|HAMAP-Rule:MF_01396,,ECO:0000256|SAAS:SAAS00886519},Transmembrane,Transmembrane helix,Transport","[('TRANSMEM', 6, 34, 'Helical. {ECO:0000256|HAMAP- Rule:MF_01396}.', ''), ('TRANSMEM', 55, 78, 'Helical. {ECO:0000256|HAMAP- Rule:MF_01396}.', ''), ('DOMAIN', 15, 76, 'ATP-synt_C. {ECO:0000259|Pfam:PF00137}.', ''), ('SITE', 63, 63, 'Reversibly protonated during proton transport. {ECO:0000256|HAMAP- Rule:MF_01396}.', '')]","MNDISWFSLASTVIAAIAIAIGTIGPALAMGRAISHALDALARQPEAEKSITRTLFIGLAMIESLAIYCLVIVLIILFRNPLLSYFVTQQG","(91, 9762, 'D149D6DBC024801F')","[],[],[('PubMed', '27563044')],[],[],[]"
"Q5ZWN4","ATP6_LEGPH","Reviewed","","230","Q5ZWN4","10-FEB-2009","RecName: Full=ATP synthase subunit a {ECO:0000255|HAMAP-Rule:MF_01393}; AltName: Full=ATP synthase F0 sector subunit a {ECO:0000255|HAMAP-Rule:MF_01393}; AltName: Full=F-ATPase subunit 6 {ECO:0000255|HAMAP-Rule:MF_01393};","Name=atpB {ECO:0000255|HAMAP-Rule:MF_01393}; OrderedLocusNames=lpg1051;","Legionella pneumophila subsp. pneumophila (strain Philadelphia 1 / ATCC 33152 / DSM 7513).","Bacteria,Proteobacteria,Gammaproteobacteria,Legionellales,Legionellaceae,Legionella","272624","FUNCTION: Key component of the proton channel; it plays a direct role in the translocation of protons across the membrane. {ECO:0000255|HAMAP-Rule:MF_01393}.,SUBUNIT: F-type ATPases have 2 components, CF(1) - the catalytic core - and CF(0) - the membrane proton channel. CF(1) has five subunits: alpha(3), beta(3), gamma(1), delta(1), epsilon(1). CF(0) has three main subunits: a(1), b(2) and c(9-12). The alpha and beta chains form an alternating ring which encloses part of the gamma chain. CF(1) is attached to CF(0) by a central stalk formed by the gamma and epsilon chains, while a peripheral stalk is formed by the delta and b chains. {ECO:0000255|HAMAP- Rule:MF_01393}.,SUBCELLULAR LOCATION: Cell inner membrane {ECO:0000255|HAMAP- Rule:MF_01393}; Multi-pass membrane protein {ECO:0000255|HAMAP- Rule:MF_01393}.,SIMILARITY: Belongs to the ATPase A chain family. {ECO:0000255|HAMAP-Rule:MF_01393}.","ATP synthesis,Cell inner membrane,Cell membrane,CF(0),Complete proteome,Hydrogen ion transport,Ion transport,Membrane,Reference proteome,Transmembrane,Transmembrane helix,Transport","[('CHAIN', 1, 230, 'ATP synthase subunit a.', 'PRO_0000362338'), ('TRANSMEM', 17, 37, 'Helical. {ECO:0000255|HAMAP- Rule:MF_01393}.', ''), ('TRANSMEM', 78, 98, 'Helical. {ECO:0000255|HAMAP- Rule:MF_01393}.', ''), ('TRANSMEM', 107, 127, 'Helical. {ECO:0000255|HAMAP- Rule:MF_01393}.', ''), ('TRANSMEM', 165, 187, 'Helical. {ECO:0000255|HAMAP- Rule:MF_01393}.', ''), ('TRANSMEM', 198, 218, 'Helical. {ECO:0000255|HAMAP- Rule:MF_01393}.', '')]","MGEEGFLAHFAFSIGGLPITQSVLTTWFIMISLFIMAWSTTYKCSLLQPSTYQLIWEGVLSTMYDAIKEVLPEHVELIFPFVATLWIFILVSNLIGVIPGFYSPTADLSVTASLAIMTFLSVHWFGIRAEGWREYLKHYIKPTPFLLPFHLISEISRTLALAVRLFGNIMSLQLTALIVLMIAGFLVPIPILILHIIEAIIQAYIFGMLALIYIAGGIQAHELKSQGESL","(230, 25723, '46576C5AD335B4BF')","[('PubMed', '15448271'), ('DOI', '10.1126/science.1099776')]"
"Q5ZWN3","Q5ZWN3_LEGPH","Unreviewed","","92","Q5ZWN3","23-NOV-2004","SubName: Full=ATP synthase, putative {ECO:0000313|EMBL:AAU27138.1};","OrderedLocusNames=lpg1052 {ECO:0000313|EMBL:AAU27138.1};","Legionella pneumophila subsp. pneumophila (strain Philadelphia 1 / ATCC 33152 / DSM 7513).","Bacteria,Proteobacteria,Gammaproteobacteria,Legionellales,Legionellaceae,Legionella","272624","","Coiled coil,Complete proteome,Membrane,Reference proteome,Transmembrane,Transmembrane helix","[('TRANSMEM', 35, 56, 'Helical. {ECO:0000256|SAM:Phobius}.', ''), ('TRANSMEM', 68, 90, 'Helical. {ECO:0000256|SAM:Phobius}.', ''), ('COILED', 7, 27, '{ECO:0000256|SAM:Coils}.', '')]","MEFKNSNKELEQQVKRNVRKINEAKKGKSTLLAQTVYLGTLGFVFVLPIIAGAYLGVWLDEKIKGYSISWTINLILLGVIIGAINVYLLIKD","(92, 10325, '7F71F03EC9050BF0')","[('PubMed', '15448271'), ('DOI', '10.1126/science.1099776')]"
"Q5ZWN1","Q5ZWN1_LEGPH","Unreviewed","","474","Q5ZWN1","23-NOV-2004","SubName: Full=ATP synthase F1, beta chain {ECO:0000313|EMBL:AAU27140.1}; EC=3.6.3.14 {ECO:0000313|EMBL:AAU27140.1};","Name=atpD {ECO:0000313|EMBL:AAU27140.1}; OrderedLocusNames=lpg1054 {ECO:0000313|EMBL:AAU27140.1};","Legionella pneumophila subsp. pneumophila (strain Philadelphia 1 / ATCC 33152 / DSM 7513).","Bacteria,Proteobacteria,Gammaproteobacteria,Legionellales,Legionellaceae,Legionella","272624","","Complete proteome,Hydrolase,Reference proteome","[('DOMAIN', 27, 92, 'ATP-synt_ab_N. {ECO:0000259|Pfam:PF02874}.', ''), ('DOMAIN', 149, 362, 'ATP-synt_ab. {ECO:0000259|Pfam:PF00006}.', '')]","MGHEYNWKMMDKNTAVAQTHGTPIGRIIEINGPVVRIHCDVLPPLHQSLKTYTDSDEYILEVCQHLDEHHVRAITLHRASGLQRGLIVYDQGTSLRIPVSKECLGRLLNIFGEPLDGAPPLETHEYRDVLANLAPLEMTSTQETILETGIKVIDLLCPFVRGCKTGLFGGAGVGKTVLLMELMHAIIQLHQGTSVFAGVGERIREGHELWHEMKSAGVMDKTLMVFGQMDESPGVRFRTGLSALTYAEYLRDTLGHEVLFLVDNIYRFVQAGSEISGLLGRMPASVGYQPTLMTEIAELEERMTSTAKGAVTSVQAVYVPADDMSDPAVTGIITHLDSIIVLSRAQAGKGIYPAVDPLASKSQFMDKILLGERHYSIAQAVREHLERYQELEDMISMMGIEELSPKDRAIVLRARKLQRYLSQPFHVTKLQTGMEGKSVSLEHTLTDCESFLRGDYDEFSEEACYMRGAMDKGR","(474, 52730, '1272981153139269')","[('PubMed', '15448271'), ('DOI', '10.1126/science.1099776')]"
"Q5ZVM9","Q5ZVM9_LEGPH","Unreviewed","","236","Q5ZVM9","23-NOV-2004","RecName: Full=Adenylate kinase {ECO:0000256|HAMAP-Rule:MF_00235, ECO:0000256|RuleBase:RU003331, ECO:0000256|SAAS:SAAS00914410}; Short=AK {ECO:0000256|HAMAP-Rule:MF_00235}; EC=2.7.4.3 {ECO:0000256|HAMAP-Rule:MF_00235, ECO:0000256|RuleBase:RU003331, ECO:0000256|SAAS:SAAS00763757}; AltName: Full=ATP-AMP transphosphorylase {ECO:0000256|HAMAP-Rule:MF_00235}; AltName: Full=ATP:AMP phosphotransferase {ECO:0000256|HAMAP-Rule:MF_00235}; AltName: Full=Adenylate monophosphate kinase {ECO:0000256|HAMAP-Rule:MF_00235};","Name=adk {ECO:0000256|HAMAP-Rule:MF_00235, ECO:0000313|EMBL:AAU27493.1}; OrderedLocusNames=lpg1411 {ECO:0000313|EMBL:AAU27493.1};","Legionella pneumophila subsp. pneumophila (strain Philadelphia 1 / ATCC 33152 / DSM 7513).","Bacteria,Proteobacteria,Gammaproteobacteria,Legionellales,Legionellaceae,Legionella","272624","FUNCTION: Catalyzes the reversible transfer of the terminal phosphate group between ATP and AMP. Plays an important role in cellular energy homeostasis and in adenine nucleotide metabolism. {ECO:0000256|HAMAP-Rule:MF_00235}.,CATALYTIC ACTIVITY: ATP + AMP = 2 ADP. {ECO:0000256|HAMAP- Rule:MF_00235, ECO:0000256|RuleBase:RU003331, ECO:0000256|SAAS:SAAS00763738}.,PATHWAY: Purine metabolism; AMP biosynthesis via salvage pathway; AMP from ADP: step 1/1. {ECO:0000256|HAMAP-Rule:MF_00235, ECO:0000256|SAAS:SAAS00914379}.,SUBUNIT: Monomer. {ECO:0000256|HAMAP-Rule:MF_00235, ECO:0000256|RuleBase:RU003331, ECO:0000256|SAAS:SAAS00914390}.,SUBCELLULAR LOCATION: Cytoplasm {ECO:0000256|HAMAP-Rule:MF_00235, ECO:0000256|RuleBase:RU003331}.,DOMAIN: Consists of three domains, a large central CORE domain and two small peripheral domains, NMPbind and LID, which undergo movements during catalysis. The LID domain closes over the site of phosphoryl transfer upon ATP binding. Assembling and dissambling the active center during each catalytic cycle provides an effective means to prevent ATP hydrolysis. {ECO:0000256|HAMAP- Rule:MF_00235}.,SIMILARITY: Belongs to the adenylate kinase family. {ECO:0000256|HAMAP-Rule:MF_00235, ECO:0000256|RuleBase:RU003330}.,CAUTION: Lacks conserved residue(s) required for the propagation of feature annotation. {ECO:0000256|HAMAP-Rule:MF_00235}.","ATP-binding {ECO:0000256|HAMAP-Rule:MF_00235,,ECO:0000256|RuleBase:RU003331, ECO:0000256|SAAS:SAAS00763703},Complete proteome,Cytoplasm,Kinase {ECO:0000256|HAMAP-Rule:MF_00235,,ECO:0000256|RuleBase:RU003330, ECO:0000313|EMBL:AAU27493.1},Nucleotide biosynthesis {ECO:0000256|HAMAP-Rule:MF_00235,,ECO:0000256|SAAS:SAAS00914406},Nucleotide-binding {ECO:0000256|HAMAP-Rule:MF_00235,,ECO:0000256|RuleBase:RU003331, ECO:0000256|SAAS:SAAS00763703},Reference proteome,Transferase {ECO:0000256|HAMAP-Rule:MF_00235,,ECO:0000256|RuleBase:RU003330, ECO:0000313|EMBL:AAU27493.1}","[('DOMAIN', 141, 176, 'ADK_lid. {ECO:0000259|Pfam:PF05191}.', ''), ('NP_BIND', 28, 33, 'ATP. {ECO:0000256|HAMAP-Rule:MF_00235}.', ''), ('NP_BIND', 75, 77, 'AMP. {ECO:0000256|HAMAP-Rule:MF_00235}.', ''), ('NP_BIND', 103, 106, 'AMP. {ECO:0000256|HAMAP-Rule:MF_00235}.', ''), ('NP_BIND', 150, 151, 'ATP. {ECO:0000256|HAMAP-Rule:MF_00235}.', ''), ('REGION', 48, 77, 'NMPbind. {ECO:0000256|HAMAP- Rule:MF_00235}.', ''), ('REGION', 140, 177, 'LID. {ECO:0000256|HAMAP-Rule:MF_00235}.', ''), ('BINDING', 49, 49, 'AMP. {ECO:0000256|HAMAP-Rule:MF_00235}.', ''), ('BINDING', 54, 54, 'AMP. {ECO:0000256|HAMAP-Rule:MF_00235}.', ''), ('BINDING', 110, 110, 'AMP. {ECO:0000256|HAMAP-Rule:MF_00235}.', ''), ('BINDING', 141, 141, 'ATP. {ECO:0000256|HAMAP-Rule:MF_00235}.', ''), ('BINDING', 174, 174, 'AMP. {ECO:0000256|HAMAP-Rule:MF_00235}.', ''), ('BINDING', 185, 185, 'AMP. {ECO:0000256|HAMAP-Rule:MF_00235}.', ''), ('BINDING', 221, 221, 'ATP; via carbonyl oxygen. {ECO:0000256|HAMAP-Rule:MF_00235}.', '')]","MLLYLKVYNDYELFKEFWMRLMLLGGPGAGKGTQASLLINRYKIPQISTGDMLRAAIAKGTPLGLSAQKIMESGGLVSDDIIIGLVKERLKNPDCDRGFLFDGFPRTLVQAEALKDAEIHLDHVIEIAVDDEEIIERISGRRIHQPSGRVYHVVNQPPKNPGVDDITGEPLIQRDDDKEETIRKRLQVYHSQTAPLVQYYKEWAESGSKEAPKFHTISGTGTVEQIFDNIVTILET","(236, 26517, 'BDCCD3F9034AD208')","[('PubMed', '15448271'), ('DOI', '10.1126/science.1099776')]"
"G8UY54","G8UY54_LEGPN","Unreviewed","","158","G8UY54","22-FEB-2012","RecName: Full=Nucleoside diphosphate kinase {ECO:0000256|HAMAP-Rule:MF_00451, ECO:0000256|RuleBase:RU004013}; Short=NDK {ECO:0000256|HAMAP-Rule:MF_00451}; Short=NDP kinase {ECO:0000256|HAMAP-Rule:MF_00451}; EC=2.7.4.6 {ECO:0000256|HAMAP-Rule:MF_00451, ECO:0000256|RuleBase:RU004013}; AltName: Full=Nucleoside-2-P kinase {ECO:0000256|HAMAP-Rule:MF_00451};","Name=ndk {ECO:0000256|HAMAP-Rule:MF_00451}; ORFNames=lp12_1486 {ECO:0000313|EMBL:AEW51751.1};","Legionella pneumophila subsp. pneumophila ATCC 43290.","Bacteria,Proteobacteria,Gammaproteobacteria,Legionellales,Legionellaceae,Legionella","933093","FUNCTION: Major role in the synthesis of nucleoside triphosphates other than ATP. The ATP gamma phosphate is transferred to the NDP beta phosphate via a ping-pong mechanism, using a phosphorylated active-site intermediate. {ECO:0000256|HAMAP-Rule:MF_00451}.,CATALYTIC ACTIVITY: ATP + nucleoside diphosphate = ADP + nucleoside triphosphate. {ECO:0000256|HAMAP-Rule:MF_00451, ECO:0000256|RuleBase:RU004013}.,COFACTOR: Name=Mg(2+); Xref=ChEBI:CHEBI:18420;   Evidence={ECO:0000256|HAMAP-Rule:MF_00451};,SUBUNIT: Homotetramer. {ECO:0000256|HAMAP-Rule:MF_00451}.,SUBCELLULAR LOCATION: Cytoplasm {ECO:0000256|HAMAP-Rule:MF_00451}.,SIMILARITY: Belongs to the NDK family. {ECO:0000256|HAMAP- Rule:MF_00451, ECO:0000256|RuleBase:RU004011}.","ATP-binding {ECO:0000256|HAMAP-Rule:MF_00451,,ECO:0000256|RuleBase:RU004013},Complete proteome,Cytoplasm,Kinase {ECO:0000256|HAMAP-Rule:MF_00451,,ECO:0000256|RuleBase:RU004013, ECO:0000313|EMBL:AEW51751.1},Magnesium,Metal-binding,Nucleotide metabolism,Nucleotide-binding {ECO:0000256|HAMAP-Rule:MF_00451,,ECO:0000256|RuleBase:RU004013},Phosphoprotein,Transferase {ECO:0000256|HAMAP-Rule:MF_00451,,ECO:0000256|RuleBase:RU004013, ECO:0000313|EMBL:AEW51751.1}","[('DOMAIN', 21, 154, 'NDK. {ECO:0000259|Pfam:PF00334}.', ''), ('ACT_SITE', 134, 134, 'Pros-phosphohistidine intermediate. {ECO:0000256|HAMAP-Rule:MF_00451}.', ''), ('BINDING', 28, 28, 'ATP. {ECO:0000256|HAMAP-Rule:MF_00451}.', ''), ('BINDING', 76, 76, 'ATP. {ECO:0000256|HAMAP-Rule:MF_00451}.', ''), ('BINDING', 104, 104, 'ATP. {ECO:0000256|HAMAP-Rule:MF_00451}.', ''), ('BINDING', 110, 110, 'ATP. {ECO:0000256|HAMAP-Rule:MF_00451}.', ''), ('BINDING', 121, 121, 'ATP. {ECO:0000256|HAMAP-Rule:MF_00451}.', ''), ('BINDING', 131, 131, 'ATP. {ECO:0000256|HAMAP-Rule:MF_00451}.', '')]","MNSCIIMHFKLISLECMMAKELTLSIIKPDAVAKSVIGEIYTRFEKAGLDIVAAKMTQLSREQAESFYDIHRARPFFKDLVDFMISGPVMIQVLKGENAVAKNREIMGATNPKEAAPGTIRADFADSIDANAVHGSDSLENAAREIAFFFEQHELCNR","(158, 17585, '9E4B67B5D746FCFC')","[('PubMed', '22374950'), ('DOI', '10.1128/JB.06626-11')]"
"Q5ZUX0","Q5ZUX0_LEGPH","Unreviewed","","192","Q5ZUX0","23-NOV-2004","RecName: Full=Phosphoribosylglycinamide formyltransferase {ECO:0000256|HAMAP-Rule:MF_01930}; EC=2.1.2.2 {ECO:0000256|HAMAP-Rule:MF_01930}; AltName: Full=5'-phosphoribosylglycinamide transformylase {ECO:0000256|HAMAP-Rule:MF_01930}; AltName: Full=GAR transformylase {ECO:0000256|HAMAP-Rule:MF_01930}; Short=GART {ECO:0000256|HAMAP-Rule:MF_01930};","Name=purN {ECO:0000256|HAMAP-Rule:MF_01930}; OrderedLocusNames=lpg1672 {ECO:0000313|EMBL:AAU27752.1};","Legionella pneumophila subsp. pneumophila (strain Philadelphia 1 / ATCC 33152 / DSM 7513).","Bacteria,Proteobacteria,Gammaproteobacteria,Legionellales,Legionellaceae,Legionella","272624","FUNCTION: Catalyzes the transfer of a formyl group from 10- formyltetrahydrofolate to 5-phospho-ribosyl-glycinamide (GAR), producing 5-phospho-ribosyl-N-formylglycinamide (FGAR) and tetrahydrofolate. {ECO:0000256|HAMAP-Rule:MF_01930}.,CATALYTIC ACTIVITY: 10-formyltetrahydrofolate + N(1)-(5-phospho-D- ribosyl)glycinamide = tetrahydrofolate + N(2)-formyl-N(1)-(5- phospho-D-ribosyl)glycinamide. {ECO:0000256|HAMAP-Rule:MF_01930}.,PATHWAY: Purine metabolism; IMP biosynthesis via de novo pathway; N(2)-formyl-N(1)-(5-phospho-D-ribosyl)glycinamide from N(1)-(5- phospho-D-ribosyl)glycinamide (10-formyl THF route): step 1/1. {ECO:0000256|HAMAP-Rule:MF_01930}.,SIMILARITY: Belongs to the GART family. {ECO:0000256|HAMAP- Rule:MF_01930}.","Complete proteome,Purine biosynthesis,Reference proteome,Transferase {ECO:0000256|HAMAP-Rule:MF_01930,,ECO:0000256|SAAS:SAAS00928449, ECO:0000313|EMBL:AAU27752.1}","[('DOMAIN', 5, 184, 'Formyl_trans_N. {ECO:0000259|Pfam:PF00551}.', ''), ('REGION', 12, 14, ""5'-phosphoribosylglycinamide binding. {ECO:0000256|HAMAP-Rule:MF_01930}."", ''), ('REGION', 89, 92, '10-formyltetrahydrofolate binding. {ECO:0000256|HAMAP-Rule:MF_01930}.', ''), ('ACT_SITE', 108, 108, 'Proton donor. {ECO:0000256|HAMAP- Rule:MF_01930}.', ''), ('BINDING', 64, 64, '10-formyltetrahydrofolate. {ECO:0000256|HAMAP-Rule:MF_01930}.', ''), ('BINDING', 106, 106, '10-formyltetrahydrofolate. {ECO:0000256|HAMAP-Rule:MF_01930}.', ''), ('SITE', 147, 147, 'Raises pKa of active site His. {ECO:0000256|HAMAP-Rule:MF_01930}.', '')]","MIRLGILGSTRGTNMLALVDAINEGTLKAKIELVISNKPDAIILERAKSLGLNAQFVNPEGLNRIDFDKKVSDILINHQIDLIVLIGYMRILSADFVNKWNNQVINVHPSLLPAFAGKMDMDVHQAVLDSGLKETGCTIHFVTEEVDAGPVILQKKCPVLEGDTAQTLKARVQQLEGIALVDAINLIASKGL","(192, 20872, '314D53E59886F589')","[('PubMed', '15448271'), ('DOI', '10.1126/science.1099776')]"
"Q5ZUW9","Q5ZUW9_LEGPH","Unreviewed","","439","Q5ZUW9","23-NOV-2004","RecName: Full=Phosphoribosylamine--glycine ligase {ECO:0000256|HAMAP-Rule:MF_00138}; EC=6.3.4.13 {ECO:0000256|HAMAP-Rule:MF_00138}; AltName: Full=GARS {ECO:0000256|HAMAP-Rule:MF_00138}; AltName: Full=Glycinamide ribonucleotide synthetase {ECO:0000256|HAMAP-Rule:MF_00138}; AltName: Full=Phosphoribosylglycinamide synthetase {ECO:0000256|HAMAP-Rule:MF_00138};","Name=purD {ECO:0000256|HAMAP-Rule:MF_00138}; OrderedLocusNames=lpg1673 {ECO:0000313|EMBL:AAU27753.1};","Legionella pneumophila subsp. pneumophila (strain Philadelphia 1 / ATCC 33152 / DSM 7513).","Bacteria,Proteobacteria,Gammaproteobacteria,Legionellales,Legionellaceae,Legionella","272624","CATALYTIC ACTIVITY: ATP + 5-phospho-D-ribosylamine + glycine = ADP + phosphate + N(1)-(5-phospho-D-ribosyl)glycinamide. {ECO:0000256|HAMAP-Rule:MF_00138}.,PATHWAY: Purine metabolism; IMP biosynthesis via de novo pathway; N(1)-(5-phospho-D-ribosyl)glycinamide from 5-phospho-alpha-D- ribose 1-diphosphate: step 2/2. {ECO:0000256|HAMAP-Rule:MF_00138}.,SIMILARITY: Belongs to the GARS family. {ECO:0000256|HAMAP- Rule:MF_00138}.","ATP-binding,Complete proteome,Ligase,Nucleotide-binding,Purine biosynthesis,Reference proteome","[('DOMAIN', 111, 321, 'ATP-grasp. {ECO:0000259|PROSITE:PS50975}.', '')]","MINILIVGSGAREHAIATALSKSENKPKIYCFGTTRNPGIQRLTSDYWVGDITDPEQVNQQAKEWEINLAIIGPEAPLEHAVADALWDCGIPVIGPRKNLAKIETSKAFARELMEKYGIPGLPKYKVFTSLEGIGEFLSELGENNYVVKANGLMAGKGVKVGGEHLLSFEEALNYCKEIFTHNQSLVIEEKLIGQEFSFMCFSDGISLVPMPIVQDHKRAYEHDEGPNTGGMGSYSAADHSLPFLSPEDVRAAFEINQSVIKALMTEMSDKYIGILYGGFMATAHGVYVIEFNARFGDPEALNVLSLLESDFVKLCVAMANGNLQKESVRFLNQATVCKYAVPDGYPDNPLRHVEIDISAVEPKDTLYLAAVNFKNGKLYATGSRTAAYVGIANTISEAEEIAEQQIKNIKGPLFHRKDIGTSPLINTRVEVMRRLRAL","(439, 48310, 'C7D796DC17C90E57')","[('PubMed', '15448271'), ('DOI', '10.1126/science.1099776')]"
"Q5ZUW8","Q5ZUW8_LEGPH","Unreviewed","","499","Q5ZUW8","23-NOV-2004","RecName: Full=Amidophosphoribosyltransferase {ECO:0000256|HAMAP-Rule:MF_01931}; Short=ATase {ECO:0000256|HAMAP-Rule:MF_01931}; EC=2.4.2.14 {ECO:0000256|HAMAP-Rule:MF_01931}; AltName: Full=Glutamine phosphoribosylpyrophosphate amidotransferase {ECO:0000256|HAMAP-Rule:MF_01931}; Short=GPATase {ECO:0000256|HAMAP-Rule:MF_01931};","Name=purF {ECO:0000256|HAMAP-Rule:MF_01931, ECO:0000313|EMBL:AAU27754.1}; OrderedLocusNames=lpg1674 {ECO:0000313|EMBL:AAU27754.1};","Legionella pneumophila subsp. pneumophila (strain Philadelphia 1 / ATCC 33152 / DSM 7513).","Bacteria,Proteobacteria,Gammaproteobacteria,Legionellales,Legionellaceae,Legionella","272624","FUNCTION: Catalyzes the formation of phosphoribosylamine from phosphoribosylpyrophosphate (PRPP) and glutamine. {ECO:0000256|HAMAP-Rule:MF_01931}.,CATALYTIC ACTIVITY: 5-phospho-beta-D-ribosylamine + diphosphate + L-glutamate = L-glutamine + 5-phospho-alpha-D-ribose 1-diphosphate + H(2)O. {ECO:0000256|HAMAP-Rule:MF_01931, ECO:0000256|PIRNR:PIRNR000485}.,COFACTOR: Name=Mg(2+); Xref=ChEBI:CHEBI:18420;   Evidence={ECO:0000256|HAMAP-Rule:MF_01931}; Note=Binds 1 Mg(2+) ion per subunit. {ECO:0000256|HAMAP- Rule:MF_01931};,COFACTOR: Name=[4Fe-4S] cluster; Xref=ChEBI:CHEBI:49883;   Evidence={ECO:0000256|HAMAP-Rule:MF_01931,   ECO:0000256|PIRSR:PIRSR000485-3}; Note=Binds 1 [4Fe-4S] cluster per subunit. {ECO:0000256|HAMAP- Rule:MF_01931, ECO:0000256|PIRSR:PIRSR000485-3};,PATHWAY: Purine metabolism; IMP biosynthesis via de novo pathway; N(1)-(5-phospho-D-ribosyl)glycinamide from 5-phospho-alpha-D- ribose 1-diphosphate: step 1/2. {ECO:0000256|HAMAP-Rule:MF_01931, ECO:0000256|PIRNR:PIRNR000485}.,SIMILARITY: In the C-terminal section; belongs to the purine/pyrimidine phosphoribosyltransferase family. {ECO:0000256|HAMAP-Rule:MF_01931, ECO:0000256|PIRNR:PIRNR000485}.","4Fe-4S,Complete proteome,Glutamine amidotransferase,Glycosyltransferase {ECO:0000256|HAMAP-Rule:MF_01931,,ECO:0000256|PIRNR:PIRNR000485, ECO:0000313|EMBL:AAU27754.1},Iron,Iron-sulfur,Magnesium,Metal-binding,Purine biosynthesis {ECO:0000256|HAMAP-Rule:MF_01931,,ECO:0000256|PIRNR:PIRNR000485},Reference proteome,Transferase {ECO:0000256|HAMAP-Rule:MF_01931,,ECO:0000256|PIRNR:PIRNR000485, ECO:0000313|EMBL:AAU27754.1}","[('DOMAIN', 2, 238, 'Glutamine amidotransferase type-2. {ECO:0000259|PROSITE:PS51278}.', ''), ('ACT_SITE', 2, 2, 'For GATase activity. {ECO:0000256|PIRSR:PIRSR000485-1}.', ''), ('ACT_SITE', 2, 2, 'Nucleophile. {ECO:0000256|HAMAP- Rule:MF_01931}.', ''), ('METAL', 254, 254, 'Iron-sulfur (4Fe-4S). {ECO:0000256|HAMAP- Rule:MF_01931, ECO:0000256|PIRSR:PIRSR000485-3}.', ''), ('METAL', 306, 306, 'Magnesium. {ECO:0000256|HAMAP- Rule:MF_01931}.', ''), ('METAL', 368, 368, 'Magnesium. {ECO:0000256|HAMAP- Rule:MF_01931}.', ''), ('METAL', 369, 369, 'Magnesium. {ECO:0000256|HAMAP- Rule:MF_01931}.', ''), ('METAL', 405, 405, 'Iron-sulfur (4Fe-4S). {ECO:0000256|HAMAP- Rule:MF_01931, ECO:0000256|PIRSR:PIRSR000485-3}.', ''), ('METAL', 460, 460, 'Iron-sulfur (4Fe-4S). {ECO:0000256|HAMAP- Rule:MF_01931, ECO:0000256|PIRSR:PIRSR000485-3}.', ''), ('METAL', 463, 463, 'Iron-sulfur (4Fe-4S). {ECO:0000256|HAMAP- Rule:MF_01931, ECO:0000256|PIRSR:PIRSR000485-3}.', '')]","MCGIVGIYSHEPVAAELYDSLIHLQHRGQDASGILTGADRFYFKHGLGLVRESIFSEDILKLKGNIGIAHVRYPTAGGYSEADVQPLWIGSPRGIALAHNGNLVNYGELVDDLCGKQHRHLNSTLDSEALLLLLADYLAKGSYSDHDEEQFFQLLCMAVNEIHQRVQGSYSVVSLVIGKGLVAFRDPHGIRPLVWGERVHENGSKDYIFASETTPFYALGFEPKGDLQPGEVAYVNQQGQLYRKVLSSKKFTPCIFEYVYFARPDATLDDVSVYRARLRMGQNLAKSWKKRFPDTLPDVVIPAPSTANTAALAFANELGIRYSEGLYKNPFIGRTFIMPNQESRSRQVRYKLTPQKTEINKKKVLIVDDSIVRGTTSREIVRMIREYGASEIYFVSTCPPIKNPCFYGIDIPSRKKLIAAHKTEEEIRQFLGVDKLLYQTQENLIEAVSRRGQYDMSKPCMACMDGKYICGQITEEKIKLLEKKRLTENDQETEIGEMS","(499, 56268, 'EB75F65701DA3C0F')","[('PubMed', '15448271'), ('DOI', '10.1126/science.1099776')]"
"Q5ZUW7","Q5ZUW7_LEGPH","Unreviewed","","331","Q5ZUW7","23-NOV-2004","RecName: Full=Phosphoribosylaminoimidazole-succinocarboxamide synthase {ECO:0000256|HAMAP-Rule:MF_00137}; EC=6.3.2.6 {ECO:0000256|HAMAP-Rule:MF_00137}; AltName: Full=SAICAR synthetase {ECO:0000256|HAMAP-Rule:MF_00137};","Name=purC {ECO:0000256|HAMAP-Rule:MF_00137}; OrderedLocusNames=lpg1675 {ECO:0000313|EMBL:AAU27755.1};","Legionella pneumophila subsp. pneumophila (strain Philadelphia 1 / ATCC 33152 / DSM 7513).","Bacteria,Proteobacteria,Gammaproteobacteria,Legionellales,Legionellaceae,Legionella","272624","CATALYTIC ACTIVITY: ATP + 5-amino-1-(5-phospho-D- ribosyl)imidazole-4-carboxylate + L-aspartate = ADP + phosphate + (S)-2-(5-amino-1-(5-phospho-D-ribosyl)imidazole-4- carboxamido)succinate. {ECO:0000256|HAMAP-Rule:MF_00137, ECO:0000256|SAAS:SAAS00337907}.,PATHWAY: Purine metabolism; IMP biosynthesis via de novo pathway; 5-amino-1-(5-phospho-D-ribosyl)imidazole-4-carboxamide from 5- amino-1-(5-phospho-D-ribosyl)imidazole-4-carboxylate: step 1/2. {ECO:0000256|HAMAP-Rule:MF_00137, ECO:0000256|SAAS:SAAS00337887}.,SIMILARITY: Belongs to the SAICAR synthetase family. {ECO:0000256|HAMAP-Rule:MF_00137, ECO:0000256|SAAS:SAAS00535425}.","ATP-binding {ECO:0000256|HAMAP-Rule:MF_00137,,ECO:0000256|SAAS:SAAS00416489},Complete proteome,Ligase {ECO:0000256|HAMAP-Rule:MF_00137,,ECO:0000256|SAAS:SAAS00416508, ECO:0000313|EMBL:AAU27755.1},Nucleotide-binding {ECO:0000256|HAMAP-Rule:MF_00137,,ECO:0000256|SAAS:SAAS00416489},Purine biosynthesis {ECO:0000256|HAMAP-Rule:MF_00137,,ECO:0000256|SAAS:SAAS00416526},Reference proteome","[('DOMAIN', 35, 281, 'SAICAR_synt. {ECO:0000259|Pfam:PF01259}.', '')]","MLISAMNTNVPSQEDLLAALPFCLTETSLPFGKKYKGKVRDTYDLGDQLILVTTDRQSAFDRCLAAVPYKGQVLNLTSAWWFKNTQSIVPNHLIAVPDPNVAIAKKCKIFPIEFVVRGYISGSTSTSLWTQYQKGVREYCGITFPDGLRKNQKLESPVITPTTKETLHDRPISPHEIVAEGWMTQEDWDETSSYALKLFQHGMEVAQQHGLILVDTKYEFGRDAEGRIVLVDEIHTPDSSRYWLFNGYQERFDAGKEPENIDKEFLRLWFVDHCDPYKDEVLPQAPQELIVTLASRYIQLYEMITGESFVYDSNPGPVNDRILHNIQRWLG","(331, 37870, 'EEE215D90690F7AB')","[('PubMed', '15448271'), ('DOI', '10.1126/science.1099776')]"
"Q5ZUW6","Q5ZUW6_LEGPH","Unreviewed","","420","Q5ZUW6","23-NOV-2004","RecName: Full=Phosphoribosylformylglycinamidine synthase subunit PurQ {ECO:0000256|SAAS:SAAS00371047}; EC=6.3.5.3 {ECO:0000256|SAAS:SAAS00371020};","Name=purQ {ECO:0000313|EMBL:AAU27756.1}; OrderedLocusNames=lpg1676 {ECO:0000313|EMBL:AAU27756.1};","Legionella pneumophila subsp. pneumophila (strain Philadelphia 1 / ATCC 33152 / DSM 7513).","Bacteria,Proteobacteria,Gammaproteobacteria,Legionellales,Legionellaceae,Legionella","272624","FUNCTION: Part of the phosphoribosylformylglycinamidine synthase complex involved in the purines biosynthetic pathway. Catalyzes the ATP-dependent conversion of formylglycinamide ribonucleotide (FGAR) and glutamine to yield formylglycinamidine ribonucleotide (FGAM) and glutamate. The FGAM synthase complex is composed of three subunits. PurQ produces an ammonia molecule by converting glutamine to glutamate. PurL transfers the ammonia molecule to FGAR to form FGAM in an ATP-dependent manner. PurS interacts with PurQ and PurL and is thought to assist in the transfer of the ammonia molecule from PurQ to PurL. {ECO:0000256|SAAS:SAAS00371060}.,CATALYTIC ACTIVITY: ATP + N(2)-formyl-N(1)-(5-phospho-D- ribosyl)glycinamide + L-glutamine + H(2)O = ADP + phosphate + 2- (formamido)-N(1)-(5-phospho-D-ribosyl)acetamidine + L-glutamate. {ECO:0000256|SAAS:SAAS00371035}.,CATALYTIC ACTIVITY: L-glutamine + H(2)O = L-glutamate + NH(3). {ECO:0000256|SAAS:SAAS00064583}.,PATHWAY: Purine metabolism; IMP biosynthesis via de novo pathway; 5-amino-1-(5-phospho-D-ribosyl)imidazole from N(2)-formyl-N(1)-(5- phospho-D-ribosyl)glycinamide: step 1/2. {ECO:0000256|SAAS:SAAS00371024}.,SUBUNIT: Part of the FGAM synthase complex composed of 1 PurL, 1 PurQ and 2 PurS subunits. {ECO:0000256|SAAS:SAAS00371066}.,SUBCELLULAR LOCATION: Cytoplasm {ECO:0000256|SAAS:SAAS00371042}.","ATP-binding,Complete proteome,Cytoplasm,Glutamine amidotransferase,Hydrolase,Ligase,Nucleotide-binding,Purine biosynthesis,Reference proteome","[('DOMAIN', 3, 249, 'Glutamine amidotransferase type-1. {ECO:0000259|PROSITE:PS51273}.', '')]","MMKIAVVQFPGSNCERETMLAVQRAGMTPVEFLWNDSSQKLREMDGYIIIGGFSYEDRSRAGIIAALDPVMKEIKLQSELGKPVLGICNGAQILVETGLVPGLKNYQIGMALTENKRIQDGKILGTGFYNSWIHMRTGDRVRQNAFTRYLSKDSVLSIPAAHAEGRFVMPVKLLQEIEEEGLNAFQYCDAQGNRDDNFPVNPNGSLRNIAAIINKAGNVMAIMPHPERTFAGDPIFHSMKEYIKEKKTFKQQTLSYQPEPVKIIPYDKKDNAHELIVKLIITDNAALTVQNTLRQLGIPVTVNRMMYWHVDTNFPETIEKIKQTGVLYNDRKEYLVTSEHIFSSAAKAFLVKSKDDMIGQQKLQMLRDHFSIDGVDAIHHGVLWMFSSENVKIQELAESILATNIIFNPNAHICYEYQCP","(420, 47474, 'DCD50EE99CC1C51A')","[('PubMed', '15448271'), ('DOI', '10.1126/science.1099776')]"
"Q5ZUW5","Q5ZUW5_LEGPH","Unreviewed","","358","Q5ZUW5","23-NOV-2004","RecName: Full=Phosphoribosylformylglycinamidine cyclo-ligase {ECO:0000256|HAMAP-Rule:MF_00741, ECO:0000256|SAAS:SAAS00919215}; EC=6.3.3.1 {ECO:0000256|HAMAP-Rule:MF_00741, ECO:0000256|SAAS:SAAS00919220}; AltName: Full=AIR synthase {ECO:0000256|HAMAP-Rule:MF_00741}; AltName: Full=AIRS {ECO:0000256|HAMAP-Rule:MF_00741}; AltName: Full=Phosphoribosyl-aminoimidazole synthetase {ECO:0000256|HAMAP-Rule:MF_00741};","Name=purM {ECO:0000256|HAMAP-Rule:MF_00741, ECO:0000313|EMBL:AAU27757.1}; OrderedLocusNames=lpg1677 {ECO:0000313|EMBL:AAU27757.1};","Legionella pneumophila subsp. pneumophila (strain Philadelphia 1 / ATCC 33152 / DSM 7513).","Bacteria,Proteobacteria,Gammaproteobacteria,Legionellales,Legionellaceae,Legionella","272624","CATALYTIC ACTIVITY: ATP + 2-(formamido)-N(1)-(5-phospho-D- ribosyl)acetamidine = ADP + phosphate + 5-amino-1-(5-phospho-D- ribosyl)imidazole. {ECO:0000256|HAMAP-Rule:MF_00741, ECO:0000256|SAAS:SAAS00768662}.,PATHWAY: Purine metabolism; IMP biosynthesis via de novo pathway; 5-amino-1-(5-phospho-D-ribosyl)imidazole from N(2)-formyl-N(1)-(5- phospho-D-ribosyl)glycinamide: step 2/2. {ECO:0000256|HAMAP- Rule:MF_00741, ECO:0000256|SAAS:SAAS00768623}.,SUBCELLULAR LOCATION: Cytoplasm {ECO:0000256|HAMAP-Rule:MF_00741, ECO:0000256|SAAS:SAAS00919214}.,SIMILARITY: Belongs to the AIR synthase family. {ECO:0000256|HAMAP-Rule:MF_00741, ECO:0000256|SAAS:SAAS00919228}.","ATP-binding {ECO:0000256|HAMAP-Rule:MF_00741,,ECO:0000256|SAAS:SAAS00768570},Complete proteome,Cytoplasm {ECO:0000256|HAMAP-Rule:MF_00741,,ECO:0000256|SAAS:SAAS00919211},Ligase {ECO:0000256|HAMAP-Rule:MF_00741,,ECO:0000256|SAAS:SAAS00768591, ECO:0000313|EMBL:AAU27757.1},Nucleotide-binding {ECO:0000256|HAMAP-Rule:MF_00741,,ECO:0000256|SAAS:SAAS00768570},Purine biosynthesis {ECO:0000256|HAMAP-Rule:MF_00741,,ECO:0000256|SAAS:SAAS00919213},Reference proteome","[('DOMAIN', 70, 165, 'AIRS. {ECO:0000259|Pfam:PF00586}.', ''), ('DOMAIN', 188, 352, 'AIRS_C. {ECO:0000259|Pfam:PF02769}.', '')]","MGKWLKREAIIMSTINYKSAGVDIEAGNEAVARIKRNVEKTFSPQVLTGIGSFGAMYDLKPFMEKFKHPVMVQSIDGVGTKTIVARMMQKFDTIGIDLVSATTNDIIVLGARPLTLLDYIATDRLKPEYIEEIIIGMTQACLENNISLVGGETAEMPDTYLKGEHDLVGIITGVVEKDEAILGKDITPGDSVLAFPSSGLHTNGYSLARKLLFELGGYTVESQLDELDATVGEALLVPHINYTNPVLHLLNNKIPIKGMAHITGGGVLENIPRVLPNHCSVEINKNSCPVLPIFNVLKALGKLDDQEMYRTFNMGIGLVMIASPGVVSEIYTALKEFPNFPVYEVGKVVSGKPEVRLL","(358, 39015, 'CBE5D30195488965')","[('PubMed', '15448271'), ('DOI', '10.1126/science.1099776')]"
"Q5ZUW4","Q5ZUW4_LEGPH","Unreviewed","","780","Q5ZUW4","23-NOV-2004","RecName: Full=Phosphoribosylformylglycinamidine synthase subunit PurL {ECO:0000256|HAMAP-Rule:MF_00420}; Short=FGAM synthase {ECO:0000256|HAMAP-Rule:MF_00420}; EC=6.3.5.3 {ECO:0000256|HAMAP-Rule:MF_00420}; AltName: Full=Formylglycinamide ribonucleotide amidotransferase subunit II {ECO:0000256|HAMAP-Rule:MF_00420}; Short=FGAR amidotransferase II {ECO:0000256|HAMAP-Rule:MF_00420}; Short=FGAR-AT II {ECO:0000256|HAMAP-Rule:MF_00420}; AltName: Full=Glutamine amidotransferase PurL {ECO:0000256|HAMAP-Rule:MF_00420}; AltName: Full=Phosphoribosylformylglycinamidine synthase subunit II {ECO:0000256|HAMAP-Rule:MF_00420};","Name=purL2 {ECO:0000313|EMBL:AAU27758.1}; Synonyms=purL {ECO:0000256|HAMAP-Rule:MF_00420}; OrderedLocusNames=lpg1678 {ECO:0000313|EMBL:AAU27758.1};","Legionella pneumophila subsp. pneumophila (strain Philadelphia 1 / ATCC 33152 / DSM 7513).","Bacteria,Proteobacteria,Gammaproteobacteria,Legionellales,Legionellaceae,Legionella","272624","FUNCTION: Part of the phosphoribosylformylglycinamidine synthase complex involved in the purines biosynthetic pathway. Catalyzes the ATP-dependent conversion of formylglycinamide ribonucleotide (FGAR) and glutamine to yield formylglycinamidine ribonucleotide (FGAM) and glutamate. The FGAM synthase complex is composed of three subunits. PurQ produces an ammonia molecule by converting glutamine to glutamate. PurL transfers the ammonia molecule to FGAR to form FGAM in an ATP-dependent manner. PurS interacts with PurQ and PurL and is thought to assist in the transfer of the ammonia molecule from PurQ to PurL. {ECO:0000256|HAMAP- Rule:MF_00420}.,CATALYTIC ACTIVITY: ATP + N(2)-formyl-N(1)-(5-phospho-D- ribosyl)glycinamide + L-glutamine + H(2)O = ADP + phosphate + 2- (formamido)-N(1)-(5-phospho-D-ribosyl)acetamidine + L-glutamate. {ECO:0000256|HAMAP-Rule:MF_00420}.,PATHWAY: Purine metabolism; IMP biosynthesis via de novo pathway; 5-amino-1-(5-phospho-D-ribosyl)imidazole from N(2)-formyl-N(1)-(5- phospho-D-ribosyl)glycinamide: step 1/2. {ECO:0000256|HAMAP- Rule:MF_00420}.,SUBUNIT: Monomer. Part of the FGAM synthase complex composed of 1 PurL, 1 PurQ and 2 PurS subunits. {ECO:0000256|HAMAP- Rule:MF_00420}.,SUBCELLULAR LOCATION: Cytoplasm {ECO:0000256|HAMAP-Rule:MF_00420}.,SIMILARITY: Belongs to the FGAMS family. {ECO:0000256|HAMAP- Rule:MF_00420}.,CAUTION: Lacks conserved residue(s) required for the propagation of feature annotation. {ECO:0000256|HAMAP-Rule:MF_00420}.","ATP-binding,Complete proteome,Cytoplasm,Ligase,Magnesium,Metal-binding,Nucleotide-binding,Purine biosynthesis,Reference proteome","[('DOMAIN', 88, 206, 'AIRS. {ECO:0000259|Pfam:PF00586}.', ''), ('DOMAIN', 226, 361, 'AIRS_C. {ECO:0000259|Pfam:PF02769}.', ''), ('DOMAIN', 492, 603, 'AIRS. {ECO:0000259|Pfam:PF00586}.', ''), ('DOMAIN', 619, 752, 'AIRS_C. {ECO:0000259|Pfam:PF02769}.', ''), ('REGION', 111, 114, 'Substrate binding. {ECO:0000256|HAMAP- Rule:MF_00420}.', ''), ('ACT_SITE', 61, 61, '{ECO:0000256|HAMAP-Rule:MF_00420}.', ''), ('ACT_SITE', 112, 112, 'Proton acceptor. {ECO:0000256|HAMAP- Rule:MF_00420}.', ''), ('METAL', 110, 110, 'Magnesium 1. {ECO:0000256|HAMAP- Rule:MF_00420}.', ''), ('METAL', 134, 134, 'Magnesium 2. {ECO:0000256|HAMAP- Rule:MF_00420}.', ''), ('METAL', 294, 294, 'Magnesium 2. {ECO:0000256|HAMAP- Rule:MF_00420}.', ''), ('METAL', 580, 580, 'Magnesium 1. {ECO:0000256|HAMAP- Rule:MF_00420}.', ''), ('BINDING', 64, 64, 'ATP. {ECO:0000256|HAMAP-Rule:MF_00420}.', ''), ('BINDING', 133, 133, 'Substrate. {ECO:0000256|HAMAP- Rule:MF_00420}.', ''), ('BINDING', 260, 260, 'Substrate. {ECO:0000256|HAMAP- Rule:MF_00420}.', ''), ('BINDING', 534, 534, 'ATP. {ECO:0000256|HAMAP-Rule:MF_00420}.', ''), ('BINDING', 579, 579, 'ATP; via amide nitrogen and carbonyl oxygen. {ECO:0000256|HAMAP- Rule:MF_00420}.', ''), ('BINDING', 582, 582, 'Substrate. {ECO:0000256|HAMAP- Rule:MF_00420}.', '')]","MQNLTETLDFSSLNRGEIEKLLRDYNLNLSVDEALTIQNEFLKRPPTISECVLWSIQGSEHCSYKSSRIHLKQFNTSGPHVILGAKEDAGIVSVAQDKNGYRYGVIVSHESHNHPSQIVPYEGAATGVGGNVRDVCCMGGEVIAVADSLRFGDIKRARTHWIQEGVVSGIAGYGNPLGIPNIAGDVYYDPAYNENCLVTVVTLGIVREDHIIHSYAPPEAENYVFILVGKPTDNSGFGGASFASTVLEEDSQEKNKGAVQEPNAFLQRHLLKANYSLFQLLREKNLIDKVGFKDLGAGGVACASIELAEAGGSYGAEIDLDKVPTGMPGLMPSVILCSETQERFMWVVPPDLVDTILKHYNETFALPQVSEGACAAVIGKIRTDGLYVVNYKGRELVRAKVPDVTKGIVYNRPHASSQKQNTEPVFLPPDDYNQILLQLLAHENIASKEPIFEMYDKQVQGRTLIQAGWADAGVLQPFNESKYPEEIRKTGIALSLDQNPRYNKIDAYWGAVNAVVESVRNITAVGATPVAITDCLCFGNPEKPEQMREFVDSVRGISDACAAVHLKDHPQSTLPVIAGNVSLYNESVKGAIPPSPMISCLGTLPDIDFAITFDFKKSDSLLILIGERKDECGGSVYYQLHNELGSNVPKPDLSLFNREIHAVSSAIQHGLVNAAHDVSEGGVAVALAEMSFKNSLGVAVQINGELSADKLLFGETGGFILEIDKQHKAAFDKLVTQYQVPYMVIGHTTEQPVLQMNSVINLPVEEARQAWENGLRERLL","(780, 85160, '31BD5ADF1A316F42')","[('PubMed', '15448271'), ('DOI', '10.1126/science.1099776')]"
"Q5ZUS0","GUAA_LEGPH","Reviewed","","525","Q5ZUS0","04-APR-2006","RecName: Full=GMP synthase [glutamine-hydrolyzing] {ECO:0000255|HAMAP-Rule:MF_00344}; EC=6.3.5.2 {ECO:0000255|HAMAP-Rule:MF_00344}; AltName: Full=GMP synthetase {ECO:0000255|HAMAP-Rule:MF_00344}; AltName: Full=Glutamine amidotransferase {ECO:0000255|HAMAP-Rule:MF_00344};","Name=guaA {ECO:0000255|HAMAP-Rule:MF_00344}; OrderedLocusNames=lpg1722;","Legionella pneumophila subsp. pneumophila (strain Philadelphia 1 / ATCC 33152 / DSM 7513).","Bacteria,Proteobacteria,Gammaproteobacteria,Legionellales,Legionellaceae,Legionella","272624","FUNCTION: Catalyzes the synthesis of GMP from XMP. {ECO:0000255|HAMAP-Rule:MF_00344}.,CATALYTIC ACTIVITY: ATP + XMP + L-glutamine + H(2)O = AMP + diphosphate + GMP + L-glutamate. {ECO:0000255|HAMAP- Rule:MF_00344}.,PATHWAY: Purine metabolism; GMP biosynthesis; GMP from XMP (L-Gln route): step 1/1. {ECO:0000255|HAMAP-Rule:MF_00344}.,SUBUNIT: Homodimer. {ECO:0000255|HAMAP-Rule:MF_00344}.","ATP-binding,Complete proteome,Glutamine amidotransferase,GMP biosynthesis,Ligase,Nucleotide-binding,Purine biosynthesis,Reference proteome","[('CHAIN', 1, 525, 'GMP synthase [glutamine-hydrolyzing].', 'PRO_0000229439'), ('DOMAIN', 8, 206, 'Glutamine amidotransferase type-1. {ECO:0000255|HAMAP-Rule:MF_00344}.', ''), ('DOMAIN', 207, 400, 'GMPS ATP-PPase. {ECO:0000255|HAMAP- Rule:MF_00344}.', ''), ('NP_BIND', 234, 240, 'ATP. {ECO:0000255|HAMAP-Rule:MF_00344}.', ''), ('ACT_SITE', 85, 85, 'Nucleophile. {ECO:0000255|HAMAP- Rule:MF_00344}.', ''), ('ACT_SITE', 180, 180, '{ECO:0000255|HAMAP-Rule:MF_00344}.', ''), ('ACT_SITE', 182, 182, '{ECO:0000255|HAMAP-Rule:MF_00344}.', '')]","MNDLKKSPLLILDFGSQYTQLIARRVREMGVYCEIYPYHINHEQFKKLNPCGVILSGGPSTVTHDANPRAPQWLFDSGLPLLGICYGMQTMAVQLGGQVHSSALREFGYAELRLHGHSQLLNNIEDRILADGSALLDVWMSHGDKVTELPPGFKIICETRNAPIAGMADESRQMYGLQFHPEVTHTLQGLRILQRFVVDICKASTDWTPEHIIDEAINKIREQVGTEKVLLGLSGGVDSSVVAALLHRAIGEQLVCVFVDTGLLRLNEAEQVLSMFGRHMGIRIIAVNAEDKFLTALKGVTCPEEKRKIIGRTFIEVFDEEAQKLTEIKWLAQGTIYPDVIESAATSTNDAAVVIKSHHNVGGLPDTLNLKLLEPIRELFKDEVRQVGLELGLPHDMVYRHPFPGPGLGVRILAEVKKEYADILRKADAIFIEELHNAQLYHKISQAFAVFLPVKSVGVMGDGRRYDYVICLRAVETVDFMTAHWSQLPWDFLGKVSNRIINEVEGVSRVTYDISGKPPATIEWE","(525, 58646, 'D2D1EEF3594AD92B')","[('PubMed', '15448271'), ('DOI', '10.1126/science.1099776')]"
"Q5ZUR9","Q5ZUR9_LEGPH","Unreviewed","","490","Q5ZUR9","23-NOV-2004","RecName: Full=Inosine-5'-monophosphate dehydrogenase {ECO:0000256|HAMAP-Rule:MF_01964, ECO:0000256|RuleBase:RU003928}; Short=IMP dehydrogenase {ECO:0000256|HAMAP-Rule:MF_01964}; Short=IMPD {ECO:0000256|HAMAP-Rule:MF_01964}; Short=IMPDH {ECO:0000256|HAMAP-Rule:MF_01964}; EC=1.1.1.205 {ECO:0000256|HAMAP-Rule:MF_01964, ECO:0000256|RuleBase:RU003928};","Name=guaB {ECO:0000256|HAMAP-Rule:MF_01964, ECO:0000313|EMBL:AAU27803.1}; OrderedLocusNames=lpg1723 {ECO:0000313|EMBL:AAU27803.1};","Legionella pneumophila subsp. pneumophila (strain Philadelphia 1 / ATCC 33152 / DSM 7513).","Bacteria,Proteobacteria,Gammaproteobacteria,Legionellales,Legionellaceae,Legionella","272624","FUNCTION: Catalyzes the conversion of inosine 5'-phosphate (IMP) to xanthosine 5'-phosphate (XMP), the first committed and rate- limiting step in the de novo synthesis of guanine nucleotides, and therefore plays an important role in the regulation of cell growth. {ECO:0000256|HAMAP-Rule:MF_01964}.,CATALYTIC ACTIVITY: Inosine 5'-phosphate + NAD(+) + H(2)O = xanthosine 5'-phosphate + NADH. {ECO:0000256|HAMAP-Rule:MF_01964, ECO:0000256|RuleBase:RU003928}.,COFACTOR: Name=K(+); Xref=ChEBI:CHEBI:29103;   Evidence={ECO:0000256|HAMAP-Rule:MF_01964};,ENZYME REGULATION: Mycophenolic acid (MPA) is a non-competitive inhibitor that prevents formation of the closed enzyme conformation by binding to the same site as the amobile flap. In contrast, mizoribine monophosphate (MZP) is a competitive inhibitor that induces the closed conformation. MPA is a potent inhibitor of mammalian IMPDHs but a poor inhibitor of the bacterial enzymes. MZP is a more potent inhibitor of bacterial IMPDH. {ECO:0000256|HAMAP-Rule:MF_01964}.,PATHWAY: Purine metabolism; XMP biosynthesis via de novo pathway; XMP from IMP: step 1/1. {ECO:0000256|HAMAP-Rule:MF_01964, ECO:0000256|RuleBase:RU003928}.,SUBUNIT: Homotetramer. {ECO:0000256|HAMAP-Rule:MF_01964}.,SIMILARITY: Belongs to the IMPDH/GMPR family. {ECO:0000256|HAMAP- Rule:MF_01964, ECO:0000256|RuleBase:RU003927}.,CAUTION: Lacks conserved residue(s) required for the propagation of feature annotation. {ECO:0000256|HAMAP-Rule:MF_01964}.","CBS domain,Complete proteome,GMP biosynthesis {ECO:0000256|HAMAP-Rule:MF_01964,,ECO:0000256|RuleBase:RU003928},Metal-binding {ECO:0000256|HAMAP-Rule:MF_01964,,ECO:0000256|RuleBase:RU003928},NAD {ECO:0000256|HAMAP-Rule:MF_01964, ECO:0000256|PIRSR:PIRSR000130-3,,ECO:0000256|RuleBase:RU003928},Oxidoreductase {ECO:0000256|HAMAP-Rule:MF_01964,,ECO:0000256|RuleBase:RU003927, ECO:0000313|EMBL:AAU27803.1},Potassium {ECO:0000256|HAMAP-Rule:MF_01964,,ECO:0000256|PIRSR:PIRSR000130-4, ECO:0000256|RuleBase:RU003928},Purine biosynthesis {ECO:0000256|HAMAP-Rule:MF_01964,,ECO:0000256|RuleBase:RU003928},Reference proteome","[('DOMAIN', 94, 149, 'CBS. {ECO:0000259|PROSITE:PS51371}.', ''), ('DOMAIN', 153, 214, 'CBS. {ECO:0000259|PROSITE:PS51371}.', ''), ('NP_BIND', 248, 250, 'NAD. {ECO:0000256|PIRSR:PIRSR000130-3}.', ''), ('NP_BIND', 298, 300, 'NAD. {ECO:0000256|HAMAP-Rule:MF_01964, ECO:0000256|PIRSR:PIRSR000130-3}.', ''), ('REGION', 337, 339, 'IMP binding. {ECO:0000256|HAMAP- Rule:MF_01964, ECO:0000256|PIRSR:PIRSR000130-2}.', ''), ('REGION', 360, 361, 'IMP binding. {ECO:0000256|HAMAP- Rule:MF_01964, ECO:0000256|PIRSR:PIRSR000130-2}.', ''), ('REGION', 384, 388, 'IMP binding. {ECO:0000256|HAMAP- Rule:MF_01964, ECO:0000256|PIRSR:PIRSR000130-2}.', ''), ('ACT_SITE', 305, 305, 'Thioimidate intermediate. {ECO:0000256|HAMAP-Rule:MF_01964, ECO:0000256|PIRSR:PIRSR000130-1}.', ''), ('ACT_SITE', 402, 402, 'Proton acceptor. {ECO:0000256|HAMAP- Rule:MF_01964, ECO:0000256|PIRSR:PIRSR000130-1}.', ''), ('METAL', 300, 300, 'Potassium; via carbonyl oxygen. {ECO:0000256|HAMAP-Rule:MF_01964, ECO:0000256|PIRSR:PIRSR000130-4}.', ''), ('METAL', 302, 302, 'Potassium; via carbonyl oxygen. {ECO:0000256|HAMAP-Rule:MF_01964, ECO:0000256|PIRSR:PIRSR000130-4}.', ''), ('METAL', 305, 305, 'Potassium; via carbonyl oxygen. {ECO:0000256|HAMAP-Rule:MF_01964, ECO:0000256|PIRSR:PIRSR000130-4}.', ''), ('METAL', 471, 471, 'Potassium; via carbonyl oxygen; shared with tetrameric partner. {ECO:0000256|HAMAP-Rule:MF_01964}.', ''), ('METAL', 472, 472, 'Potassium; via carbonyl oxygen; shared with tetrameric partner. {ECO:0000256|HAMAP-Rule:MF_01964}.', ''), ('METAL', 473, 473, 'Potassium; via carbonyl oxygen; shared with tetrameric partner. {ECO:0000256|HAMAP-Rule:MF_01964}.', ''), ('BINDING', 248, 248, 'NAD. {ECO:0000256|HAMAP-Rule:MF_01964}.', ''), ('BINDING', 303, 303, 'IMP. {ECO:0000256|HAMAP-Rule:MF_01964, ECO:0000256|PIRSR:PIRSR000130-2}.', ''), ('BINDING', 417, 417, 'IMP. {ECO:0000256|HAMAP-Rule:MF_01964, ECO:0000256|PIRSR:PIRSR000130-2}.', '')]","MPLSIVQQSLTFDDVLLVPAHSTILPKDVSLKTKLTRAIHLNMPLISAAMDTVTEARLAIALAQEGGLGIIHKNMSIADQAEEVRRVKKFESGMVKDPISVTPDLTVKELLAVMTKYNFSGVPVVDGKHLVGIVTSRDIRFETNMNLTVAQVMTPKGRLVTVKEGASREEVRSLLHKHRIEKLLVVNENFELRGLITVKDIQKAKDNPYACKDSFEQLRVGAAVGVGEGTDERVAALVESGVDVIVVDTAHGHSQGVLNRVKWIKKNYPDVQVIGGNIATAAAARDLYEAGADAVKVGIGPGSICTTRIVTGVGIPQISAIANVAQELKGIIPVIADGGIRFSGDVCKALAAGADTVMLGSMFAGTEESPGEIELYQGRTYKNYRGMGSIGAMSLAQGSSDRYFQDASLGTEKLVPEGIEGRVPYKGPVQTIIHQLLGGLRSCMGYTGCATIEELHSKTEFVQVTNAGMRESHVHDVSITKQAPNYQVDN","(490, 52562, '5A05AFFC1C6421EA')","[('PubMed', '15448271'), ('DOI', '10.1126/science.1099776')]"
"Q5ZUN6","Q5ZUN6_LEGPH","Unreviewed","","450","Q5ZUN6","23-NOV-2004","SubName: Full=Nucleotide binding protein FliI {ECO:0000313|EMBL:AAU27836.1}; EC=3.6.3.14 {ECO:0000313|EMBL:AAU27836.1};","Name=fliI {ECO:0000313|EMBL:AAU27836.1}; OrderedLocusNames=lpg1757 {ECO:0000313|EMBL:AAU27836.1};","Legionella pneumophila subsp. pneumophila (strain Philadelphia 1 / ATCC 33152 / DSM 7513).","Bacteria,Proteobacteria,Gammaproteobacteria,Legionellales,Legionellaceae,Legionella","272624","","Complete proteome,Hydrolase,Reference proteome","[('DOMAIN', 163, 346, 'AAA. {ECO:0000259|SMART:SM00382}.', '')]","MMAIYQTQLHKILSGTRNKHHSGLLHCGRISRAIGLTIEAKGFNQPVGARCLVKINDEHSVQAEVVGFSNESVYLMSIGDIQGIAPGMKIIPTGRIAQVSVGHQLLGRILNGSGMFIDDGPPGEMVETYPLIGQVINPLKRAPIEVPLDVGIRAINGLLTVGRGQRIGLFAGSGVGKSVLLGMMTRFTEADVVVVGLIGERGREVKEFIECNLGLEGLRRAVVVAAPADESPLMRLHGAKVATSIAEYFRDQGKHVLLLIDSLTRFAQAQREIALSIGEAPATKGYPPSVFAKLPKLVERAGNGTSGGGSITAFYTVLTEGDDLQDPIADAARAILDGHVVLSRALAEQGQYPAIDLEASISRVMQGVVSEQHMKDMLLFKKYLSVYEKNKDLILLGAYAKGSDPLVDKAILAVNKLKDYLAQGMDEQVSYDESLSSLTKLISTLVGNDQ","(450, 48274, '7F6CA96F9C2AE1A0')","[('PubMed', '15448271'), ('DOI', '10.1126/science.1099776')]"
"Q5ZUL9","Q5ZUL9_LEGPH","Unreviewed","","942","Q5ZUL9","23-NOV-2004","RecName: Full=Ribonucleoside-diphosphate reductase {ECO:0000256|RuleBase:RU003410}; EC=1.17.4.1 {ECO:0000256|RuleBase:RU003410};","Name=nrdA {ECO:0000313|EMBL:AAU27853.1}; OrderedLocusNames=lpg1774 {ECO:0000313|EMBL:AAU27853.1};","Legionella pneumophila subsp. pneumophila (strain Philadelphia 1 / ATCC 33152 / DSM 7513).","Bacteria,Proteobacteria,Gammaproteobacteria,Legionellales,Legionellaceae,Legionella","272624","FUNCTION: Provides the precursors necessary for DNA synthesis. Catalyzes the biosynthesis of deoxyribonucleotides from the corresponding ribonucleotides. {ECO:0000256|RuleBase:RU003410}.,CATALYTIC ACTIVITY: 2'-deoxyribonucleoside diphosphate + thioredoxin disulfide + H(2)O = ribonucleoside diphosphate + thioredoxin. {ECO:0000256|RuleBase:RU003410}.,PATHWAY: Genetic information processing; DNA replication. {ECO:0000256|RuleBase:RU003410}.,SIMILARITY: Belongs to the ribonucleoside diphosphate reductase large chain family. {ECO:0000256|RuleBase:RU003410}.","ATP-binding {ECO:0000256|PROSITE-ProRule:PRU00492,,ECO:0000256|SAAS:SAAS00511196},Complete proteome,DNA replication,Nucleotide-binding {ECO:0000256|PROSITE-ProRule:PRU00492,,ECO:0000256|SAAS:SAAS00511196},Oxidoreductase {ECO:0000256|RuleBase:RU003410,,ECO:0000313|EMBL:AAU27853.1},Reference proteome","[('DOMAIN', 27, 127, 'ATP-cone. {ECO:0000259|PROSITE:PS51161}.', ''), ('DOMAIN', 142, 231, 'ATP-cone. {ECO:0000259|PROSITE:PS51161}.', '')]","MSEILEPVKDIPLTNQLELTANVPGMLKTIKRNGKVVIYDDTKIKIAITKAFIADEGGTAPTSDRIHQQIEELTRQITQVFKRRLPSGGAIHIEEIQDQVELALMRSGHYKVARSYVLYREERRKARESESKQKQTKDSKHLLITMPNGEVQPLDMDRVNTIVKESCRDLSNVKAEPVIKDALRNLYNQAKYEDVHKALIMSARALVEKEPNYTYVSARLLLDSLRSEALTKLNIKSEATFDEMAQIYPVYFKSYIEQGIAQGMLDPKMADFDLDKLSQALLPERDMKFTYLSLQTLYDRYFIHERGVRYELPQAFFMRVAMGLALREQHKEEKAIEFYQLLSSFDYMSSTPTLFNSGTVRPQLSSCYLTTVPDHLDGIYSAIKDNALLSKYAGGLGNDWTPVRAMGAHIKGTNGKSQGVVPFLNVADATAVAVNQGGKRKGAVCAYLECWHRDVEEFLELRKNTGDDRRRTHDMNTALWVPDLFMKRVREDGNWTLFSPDEVPDLHDQYGKAFEALYVEYEEKARQGIIRNTKTISAVKLWRRMLSMLFETGHPWLTFKDPCNLRSPQQHAGVIHSSNLCTEITLNTSEEEIAVCNLGSINLPAHIKNGKLDEQKLKRTISTAVRMLDNVIDINYYSVPQARNSNLQHRPIGLGIMGFQDALYELKMDYASKEAIEFADSSMELISYYAIEASCDLAKERGSYSTYEGSLWSKGILPIDSINLLQQSRNKYLEQDRSQKLDWEPLRVKVRTQGMRNSNVMAIAPTATISNICGVSQSIEPTYQNLYVKSNLSGEFTVVNPYLVADLKALNLWDEVMVNDLKYFNGSVQPISRIPDELKRRYATSFEIDPMWLVEAASRRQKWIDQAQSLNIYMAQPSGKKLDQLYMHAWIRGLKTTYYLRSLGASNAEKSTVTDGALNAVKLIDTEPKACSITDPDCEACQ","(942, 107084, '401BC1BDC0C1F44A')","[('PubMed', '15448271'), ('DOI', '10.1126/science.1099776')]"
"Q5ZUL8","Q5ZUL8_LEGPH","Unreviewed","","381","Q5ZUL8","23-NOV-2004","RecName: Full=Ribonucleoside-diphosphate reductase subunit beta {ECO:0000256|PIRNR:PIRNR000355}; EC=1.17.4.1 {ECO:0000256|PIRNR:PIRNR000355};","Name=nrdB {ECO:0000313|EMBL:AAU27854.1}; OrderedLocusNames=lpg1775 {ECO:0000313|EMBL:AAU27854.1};","Legionella pneumophila subsp. pneumophila (strain Philadelphia 1 / ATCC 33152 / DSM 7513).","Bacteria,Proteobacteria,Gammaproteobacteria,Legionellales,Legionellaceae,Legionella","272624","FUNCTION: Provides the precursors necessary for DNA synthesis. Catalyzes the biosynthesis of deoxyribonucleotides from the corresponding ribonucleotides. {ECO:0000256|PIRNR:PIRNR000355}.,CATALYTIC ACTIVITY: 2'-deoxyribonucleoside diphosphate + thioredoxin disulfide + H(2)O = ribonucleoside diphosphate + thioredoxin. {ECO:0000256|PIRNR:PIRNR000355}.,COFACTOR: Name=Fe cation; Xref=ChEBI:CHEBI:24875;   Evidence={ECO:0000256|PIRNR:PIRNR000355,   ECO:0000256|PIRSR:PIRSR000355-2}; Note=Binds 2 iron ions per subunit. {ECO:0000256|PIRNR:PIRNR000355, ECO:0000256|PIRSR:PIRSR000355-2};,PATHWAY: Genetic information processing; DNA replication. {ECO:0000256|PIRNR:PIRNR000355}.,SIMILARITY: Belongs to the ribonucleoside diphosphate reductase small chain family. {ECO:0000256|PIRNR:PIRNR000355}.","Complete proteome,DNA replication,Iron,Membrane,Metal-binding {ECO:0000256|PIRNR:PIRNR000355,,ECO:0000256|PIRSR:PIRSR000355-2},Oxidoreductase {ECO:0000256|PIRNR:PIRNR000355,,ECO:0000313|EMBL:AAU27854.1},Reference proteome,Transmembrane,Transmembrane helix","[('TRANSMEM', 217, 236, 'Helical. {ECO:0000256|SAM:Phobius}.', ''), ('ACT_SITE', 158, 158, '{ECO:0000256|PIRSR:PIRSR000355-1}.', ''), ('METAL', 120, 120, 'Iron 1. {ECO:0000256|PIRSR:PIRSR000355- 2}.', ''), ('METAL', 151, 151, 'Iron 1. {ECO:0000256|PIRSR:PIRSR000355- 2}.', ''), ('METAL', 151, 151, 'Iron 2. {ECO:0000256|PIRSR:PIRSR000355- 2}.', ''), ('METAL', 154, 154, 'Iron 1. {ECO:0000256|PIRSR:PIRSR000355- 2}.', ''), ('METAL', 224, 224, 'Iron 2. {ECO:0000256|PIRSR:PIRSR000355- 2}.', ''), ('METAL', 258, 258, 'Iron 2. {ECO:0000256|PIRSR:PIRSR000355- 2}.', ''), ('METAL', 261, 261, 'Iron 2. {ECO:0000256|PIRSR:PIRSR000355- 2}.', '')]","MIQTARLANNQEKFMNYNDTQEIIVTPLMGATGLETLEMGAARIHVDDKQIINCRADLNQLVPFKYKWAWDKYLTACANHWMPNEISMSADVALWKDPYGLTEDERLIIKRNLGFFSTADSLVANNLVLAVYRHITNPECRQYLLRQAFEEALHTHAYQYIIESLGLDEAEVFNMYREIPSVSRKAVWALPFTQSLGDETFHTGTPENDQRLLRDLIAFYVVFEGIFFYVGFTQILSMGRRNKMVGTSEQFQYILRDESMHMNFGIDVINQIKIENPHLWTPEFKNEMIQLIREGVELEYQYARDTMPHGILGMNAEMFEEYLHFIANRRLNQIGLPDQYPGAENPFPWMSEMLDLKKEKNFFETRVIEYQAGGTLSWDDE","(381, 44481, '55BD478C4E918595')","[('PubMed', '15448271'), ('DOI', '10.1126/science.1099776')]"
"Q5ZTZ8","KGUA_LEGPH","Reviewed","","209","Q5ZTZ8","15-MAR-2005","RecName: Full=Guanylate kinase {ECO:0000255|HAMAP-Rule:MF_00328}; EC=2.7.4.8 {ECO:0000255|HAMAP-Rule:MF_00328}; AltName: Full=GMP kinase {ECO:0000255|HAMAP-Rule:MF_00328};","Name=gmk {ECO:0000255|HAMAP-Rule:MF_00328}; OrderedLocusNames=lpg2010;","Legionella pneumophila subsp. pneumophila (strain Philadelphia 1 / ATCC 33152 / DSM 7513).","Bacteria,Proteobacteria,Gammaproteobacteria,Legionellales,Legionellaceae,Legionella","272624","FUNCTION: Essential for recycling GMP and indirectly, cGMP. {ECO:0000255|HAMAP-Rule:MF_00328}.,CATALYTIC ACTIVITY: ATP + GMP = ADP + GDP. {ECO:0000255|HAMAP- Rule:MF_00328}.,SUBCELLULAR LOCATION: Cytoplasm {ECO:0000255|HAMAP-Rule:MF_00328}.,SIMILARITY: Belongs to the guanylate kinase family. {ECO:0000255|HAMAP-Rule:MF_00328}.","ATP-binding,Complete proteome,Cytoplasm,Kinase,Nucleotide-binding,Reference proteome,Transferase","[('CHAIN', 1, 209, 'Guanylate kinase.', 'PRO_0000170554'), ('DOMAIN', 7, 185, 'Guanylate kinase-like. {ECO:0000255|HAMAP-Rule:MF_00328}.', ''), ('NP_BIND', 14, 21, 'ATP. {ECO:0000255|HAMAP-Rule:MF_00328}.', '')]","MVSDNSGNLYIVAAPSGGGKTSLVKKLIEMVGEIEVSVSHTTRPMRPGEKEGVDYFFIDEKQFISMVNEGAFIEHAKVFNHWYGTSVAQINKRLQFGIDVVLDIDWQGAEQIRHAYPDAVSVFIIPPSLDALKERLMNRRQDKDHVISERMTKAQDELGHYPEFDYLIVNDDFEKAAMELQSIVIANRLRIEKQVNKQAKLLSFLLSSQ","(209, 23742, '117753ADD32D5D31')","[('PubMed', '15448271'), ('DOI', '10.1126/science.1099776')]"
"Q5ZTB3","Q5ZTB3_LEGPH","Unreviewed","","232","Q5ZTB3","23-NOV-2004","SubName: Full=Glutamine amidotransferase, class I {ECO:0000313|EMBL:AAU28314.1};","OrderedLocusNames=lpg2249 {ECO:0000313|EMBL:AAU28314.1};","Legionella pneumophila subsp. pneumophila (strain Philadelphia 1 / ATCC 33152 / DSM 7513).","Bacteria,Proteobacteria,Gammaproteobacteria,Legionellales,Legionellaceae,Legionella","272624","","Complete proteome,Glutamine amidotransferase,Reference proteome,Transferase","[('DOMAIN', 13, 199, 'Glutamine amidotransferase type-1. {ECO:0000259|PROSITE:PS51273}.', '')]","MNLGILLCDKVSEVFVADHGQYPEMFANLLRPADSTLELTVFDAEHGELPTDIHAVDAYLISGSRHGVNDDYPWIRKLEEFVRTLHASQKKLIGICFGHQLIAKALGGKVIKSPKGWGVGMSQNQIYQFKEWMRPSLNCFNLLVSHQDQVIELPTGAEILAGSDFCPNYMMQIGSFFSVQGHPEFTKSYSRDLMVSREDSVNEIEFAKGMKSLELHEDDTIIAQWIVNFLKA","(232, 26152, 'E2031FBA560315B5')","[('PubMed', '15448271'), ('DOI', '10.1126/science.1099776')]"
"Q5ZT33","Q5ZT33_LEGPH","Unreviewed","","199","Q5ZT33","23-NOV-2004","SubName: Full=Competence protein ComF {ECO:0000313|EMBL:AAU28394.1};","OrderedLocusNames=lpg2332 {ECO:0000313|EMBL:AAU28394.1};","Legionella pneumophila subsp. pneumophila (strain Philadelphia 1 / ATCC 33152 / DSM 7513).","Bacteria,Proteobacteria,Gammaproteobacteria,Legionellales,Legionellaceae,Legionella","272624","","Complete proteome,Reference proteome","[('DOMAIN', 111, 193, 'Pribosyltran. {ECO:0000259|Pfam:PF00156}.', '')]","MEFMKQLGSCCQYCAYPLSDDTYLVCGQCVRKRPSFDSAYIAYRFEEPLRSLIHQFKYHNGLYLASFLKQLLLNALPKNALKPDCLIPVPMHPKRLKRRGFNQAGVLTRLLARQLNIPYDLYYCQKIINTASQANLDGEQRRKNLRHAFYVSAVTYEHVMIVDDLLTTGSTANEMAHTLKNAGVKRVDICCCARAVTKN","(199, 22774, 'A963D8895D2A087E')","[('PubMed', '15448271'), ('DOI', '10.1126/science.1099776')]"
"Q5ZRN7","Q5ZRN7_LEGPH","Unreviewed","","337","Q5ZRN7","23-NOV-2004","SubName: Full=Inosine 5'-monophosphate dehydrogenase {ECO:0000313|EMBL:AAU28891.1}; EC=1.1.1.205 {ECO:0000313|EMBL:AAU28891.1};","OrderedLocusNames=lpg2843 {ECO:0000313|EMBL:AAU28891.1};","Legionella pneumophila subsp. pneumophila (strain Philadelphia 1 / ATCC 33152 / DSM 7513).","Bacteria,Proteobacteria,Gammaproteobacteria,Legionellales,Legionellaceae,Legionella","272624","","3D-structure,Complete proteome,Oxidoreductase,Reference proteome","[('DOMAIN', 5, 332, 'IMPDH. {ECO:0000259|Pfam:PF00478}.', '')]","MTDQAITFDDVLLVPSYNHHESRRVVETTSTDRLGKLTLNLPVISANMDTITESNMANFMHSKGAMGALHRFMTIEENIQEFKKCKGPVFVSVGCTENELQRAEALRDAGADFFCVDVAHAHAKYVGKTLKSLRQLLGSRCIMAGNVATYAGADYLASCGADIIKAGIGGGSVCSTRIKTGFGVPMLTCIQDCSRADRSIVADGGIKTSGDIVKALAFGADFVMIGGMLAGSAPTPGEVFQKDDGSKVKRYRGMASREAQEAFLGQMHEWKTAEGVATEVPFKENPDGIIADIIGGLRSGLTYAGADSISELQRKLNYVIVTQAGRIESLPHKLLEG","(337, 36077, '8AED53D0B3D8FCC7')","[('PubMed', '15448271'), ('DOI', '10.1126/science.1099776')],[]"
"Q5ZRA2","ATPE_LEGPH","Reviewed","","140","Q5ZRA2","12-DEC-2006","RecName: Full=ATP synthase epsilon chain {ECO:0000255|HAMAP-Rule:MF_00530}; AltName: Full=ATP synthase F1 sector epsilon subunit {ECO:0000255|HAMAP-Rule:MF_00530}; AltName: Full=F-ATPase epsilon subunit {ECO:0000255|HAMAP-Rule:MF_00530};","Name=atpC {ECO:0000255|HAMAP-Rule:MF_00530}; OrderedLocusNames=lpg2981;","Legionella pneumophila subsp. pneumophila (strain Philadelphia 1 / ATCC 33152 / DSM 7513).","Bacteria,Proteobacteria,Gammaproteobacteria,Legionellales,Legionellaceae,Legionella","272624","FUNCTION: Produces ATP from ADP in the presence of a proton gradient across the membrane. {ECO:0000255|HAMAP-Rule:MF_00530}.,SUBUNIT: F-type ATPases have 2 components, CF(1) - the catalytic core - and CF(0) - the membrane proton channel. CF(1) has five subunits: alpha(3), beta(3), gamma(1), delta(1), epsilon(1). CF(0) has three main subunits: a, b and c.,SUBCELLULAR LOCATION: Cell inner membrane {ECO:0000255|HAMAP- Rule:MF_00530}; Peripheral membrane protein {ECO:0000255|HAMAP- Rule:MF_00530}.,SIMILARITY: Belongs to the ATPase epsilon chain family. {ECO:0000255|HAMAP-Rule:MF_00530}.","ATP synthesis,Cell inner membrane,Cell membrane,CF(1),Complete proteome,Hydrogen ion transport,Ion transport,Membrane,Reference proteome,Transport","[('CHAIN', 1, 140, 'ATP synthase epsilon chain.', 'PRO_0000265834')]","MSITTHLDIVSAEHEIFSGVVEMVVATGELGEIGITPGHAPLLTVLRPGEVRITLQGGTQDIYYVQGGMLEVQPHCVTILADVAERAEHLDEAAALAAKAKAEAAIASKGGDIDYSVAAAELARAVAQIRAIQKTRKKMK","(140, 14756, '7DF55BA4E0A82B19')","[('PubMed', '15448271'), ('DOI', '10.1126/science.1099776')]"
"Q5ZRA1","ATPB_LEGPH","Reviewed","","458","Q5ZRA1","31-OCT-2006","RecName: Full=ATP synthase subunit beta {ECO:0000255|HAMAP-Rule:MF_01347}; EC=3.6.3.14 {ECO:0000255|HAMAP-Rule:MF_01347}; AltName: Full=ATP synthase F1 sector subunit beta {ECO:0000255|HAMAP-Rule:MF_01347}; AltName: Full=F-ATPase subunit beta {ECO:0000255|HAMAP-Rule:MF_01347};","Name=atpD {ECO:0000255|HAMAP-Rule:MF_01347}; OrderedLocusNames=lpg2982;","Legionella pneumophila subsp. pneumophila (strain Philadelphia 1 / ATCC 33152 / DSM 7513).","Bacteria,Proteobacteria,Gammaproteobacteria,Legionellales,Legionellaceae,Legionella","272624","FUNCTION: Produces ATP from ADP in the presence of a proton gradient across the membrane. The catalytic sites are hosted primarily by the beta subunits. {ECO:0000255|HAMAP-Rule:MF_01347}.,CATALYTIC ACTIVITY: ATP + H(2)O + H(+)(In) = ADP + phosphate + H(+)(Out). {ECO:0000255|HAMAP-Rule:MF_01347}.,SUBUNIT: F-type ATPases have 2 components, CF(1) - the catalytic core - and CF(0) - the membrane proton channel. CF(1) has five subunits: alpha(3), beta(3), gamma(1), delta(1), epsilon(1). CF(0) has three main subunits: a(1), b(2) and c(9-12). The alpha and beta chains form an alternating ring which encloses part of the gamma chain. CF(1) is attached to CF(0) by a central stalk formed by the gamma and epsilon chains, while a peripheral stalk is formed by the delta and b chains. {ECO:0000255|HAMAP- Rule:MF_01347}.,SUBCELLULAR LOCATION: Cell inner membrane {ECO:0000255|HAMAP- Rule:MF_01347}; Peripheral membrane protein {ECO:0000255|HAMAP- Rule:MF_01347}.,SIMILARITY: Belongs to the ATPase alpha/beta chains family. {ECO:0000255|HAMAP-Rule:MF_01347}.","ATP synthesis,ATP-binding,Cell inner membrane,Cell membrane,CF(1),Complete proteome,Hydrogen ion transport,Hydrolase,Ion transport,Membrane,Nucleotide-binding,Reference proteome,Transport","[('CHAIN', 1, 458, 'ATP synthase subunit beta.', 'PRO_0000254287'), ('NP_BIND', 148, 155, 'ATP. {ECO:0000255|HAMAP-Rule:MF_01347}.', '')]","MSLGTVVEVIGAVVDVEFPRDSVPKVNDALKLVDSDLVFEVQQQLGDGVVRTIAMGTTDGLKRGLKAENTGHPIQVPVGKKTLGRIMDVLGRPVDDAGPIDAEETWAIHRKAPSYEEQAGSQELLETGIKVIDLLCPFAKGGKVGLFGGAGVGKTVNMMELIRNIAIEHSGYSVFAGVGERTREGNDFYHEMKDSNVLDKVSLVYGQMNEPPGNRLRVALTGLTMAEKFRDEGRDVLLFIDNIYRYTLAGVEVSALLGRMPSAVGYQPTLAEEMGMLQERITSTKTGSITSIQAVYVPADDLTDPSPATTFAHLDATVVLSRQIAELGIYPAVDPLDSTSRQLDPLIVGQEHYDTARRVQQTLQRYKELKDIIAILGMDELSEEDKRVVTRARKIQRFLSQPFFVAEVFTGSPGKYVSLKDTIKGFQGILAGEYDDLPEQAFYMVGSIEEAVAKAKTL","(458, 50026, '28503ACADF451183')","[('PubMed', '15448271'), ('DOI', '10.1126/science.1099776')]"
"Q5ZRA0","ATPG_LEGPH","Reviewed","","288","Q5ZRA0","22-NOV-2005","RecName: Full=ATP synthase gamma chain {ECO:0000255|HAMAP-Rule:MF_00815}; AltName: Full=ATP synthase F1 sector gamma subunit {ECO:0000255|HAMAP-Rule:MF_00815}; AltName: Full=F-ATPase gamma subunit {ECO:0000255|HAMAP-Rule:MF_00815};","Name=atpG {ECO:0000255|HAMAP-Rule:MF_00815}; OrderedLocusNames=lpg2983;","Legionella pneumophila subsp. pneumophila (strain Philadelphia 1 / ATCC 33152 / DSM 7513).","Bacteria,Proteobacteria,Gammaproteobacteria,Legionellales,Legionellaceae,Legionella","272624","FUNCTION: Produces ATP from ADP in the presence of a proton gradient across the membrane. The gamma chain is believed to be important in regulating ATPase activity and the flow of protons through the CF(0) complex. {ECO:0000255|HAMAP-Rule:MF_00815}.,SUBUNIT: F-type ATPases have 2 components, CF(1) - the catalytic core - and CF(0) - the membrane proton channel. CF(1) has five subunits: alpha(3), beta(3), gamma(1), delta(1), epsilon(1). CF(0) has three main subunits: a, b and c. {ECO:0000255|HAMAP- Rule:MF_00815}.,SUBCELLULAR LOCATION: Cell inner membrane {ECO:0000255|HAMAP- Rule:MF_00815}; Peripheral membrane protein {ECO:0000255|HAMAP- Rule:MF_00815}.,SIMILARITY: Belongs to the ATPase gamma chain family. {ECO:0000255|HAMAP-Rule:MF_00815}.","ATP synthesis,Cell inner membrane,Cell membrane,CF(1),Complete proteome,Hydrogen ion transport,Ion transport,Membrane,Reference proteome,Transport","[('CHAIN', 1, 288, 'ATP synthase gamma chain.', 'PRO_0000073305')]","MAGAKEIRSKISSINKTRKITRAMEMVAASKMRKTQERMRASKPYANKIYEVIKHIARAASEYRHPFMSEREIKRIGIIVVTTDRGLCGGLNSNLFRETIRTIRNWQEHGKEVDIAVIGRKGQAFFRRVGGNILGSIDHLGDTPSINDFIGVVKIMLDAYYNGTIDSLHIVYNEFINTMTQKPFVKQLLPLPKSEEDKKTLGHHWDYIYEPEAKELLDEILERYIELQVYQAVVENIACEQAAKMIAMKSATDNAGDLIKEFQLAYNKARQAAITQELAEIVGGAAAL","(288, 32590, '6B8FD19259C94CF1')","[('PubMed', '15448271'), ('DOI', '10.1126/science.1099776')]"
"Q5ZR99","ATPA2_LEGPH","Reviewed","","517","Q5ZR99","30-MAY-2006","RecName: Full=ATP synthase subunit alpha 2 {ECO:0000255|HAMAP-Rule:MF_01346}; EC=3.6.3.14 {ECO:0000255|HAMAP-Rule:MF_01346}; AltName: Full=ATP synthase F1 sector subunit alpha 2 {ECO:0000255|HAMAP-Rule:MF_01346}; AltName: Full=F-ATPase subunit alpha 2 {ECO:0000255|HAMAP-Rule:MF_01346};","Name=atpA2 {ECO:0000255|HAMAP-Rule:MF_01346}; OrderedLocusNames=lpg2984;","Legionella pneumophila subsp. pneumophila (strain Philadelphia 1 / ATCC 33152 / DSM 7513).","Bacteria,Proteobacteria,Gammaproteobacteria,Legionellales,Legionellaceae,Legionella","272624","FUNCTION: Produces ATP from ADP in the presence of a proton gradient across the membrane. The alpha chain is a regulatory subunit. {ECO:0000255|HAMAP-Rule:MF_01346}.,CATALYTIC ACTIVITY: ATP + H(2)O + H(+)(In) = ADP + phosphate + H(+)(Out). {ECO:0000255|HAMAP-Rule:MF_01346}.,SUBUNIT: F-type ATPases have 2 components, CF(1) - the catalytic core - and CF(0) - the membrane proton channel. CF(1) has five subunits: alpha(3), beta(3), gamma(1), delta(1), epsilon(1). CF(0) has three main subunits: a(1), b(2) and c(9-12). The alpha and beta chains form an alternating ring which encloses part of the gamma chain. CF(1) is attached to CF(0) by a central stalk formed by the gamma and epsilon chains, while a peripheral stalk is formed by the delta and b chains. {ECO:0000255|HAMAP- Rule:MF_01346}.,SUBCELLULAR LOCATION: Cell inner membrane {ECO:0000255|HAMAP- Rule:MF_01346}; Peripheral membrane protein {ECO:0000255|HAMAP- Rule:MF_01346}.,SIMILARITY: Belongs to the ATPase alpha/beta chains family. {ECO:0000255|HAMAP-Rule:MF_01346}.","ATP synthesis,ATP-binding,Cell inner membrane,Cell membrane,CF(1),Complete proteome,Hydrogen ion transport,Hydrolase,Ion transport,Membrane,Nucleotide-binding,Reference proteome,Transport","[('CHAIN', 1, 517, 'ATP synthase subunit alpha 2.', 'PRO_0000238273'), ('NP_BIND', 173, 180, 'ATP. {ECO:0000255|HAMAP-Rule:MF_01346}.', ''), ('SITE', 377, 377, 'Required for activity. {ECO:0000255|HAMAP-Rule:MF_01346}.', '')]","MSEQVALNPSEISELIRKKIDQFSVVSEARNEGTIVSLKDGIVRLHGLADVMAGEMIEFPGGVYGLALNLERDSVGAVILGDSSTLAEGQKGKCTGRILEVPVGKGLLGRVVDALGNPIDGKGPIESSGMSPIEKVAPGVITRKSVDQPVQTGLKAIDAMIPVGRGQRELIIGDRQTGKTAIAIDAIINQKGTGVKCVYVAIGQKASSVASIVRKLEEHGALEHTIVVVAGASDSAALQYIAPYSGCTMGEYFMERGEDALIVYDDLTKQAWAYRQISLLLRRPPGREAYPGDIFYLHSRLLERAARINADEVEKLTNGEVKGKTGSLTALPIIETQAGDVSAFVPTNVISITDGQIFLDVDLFNSGVRPAINSGLSVSRVGGAAQTKIMKKLGGGTRLALAQFRELEAFSQFASDLDDATRKQLERGQRITELMKQKQYSPLTVAEMGVSLFVVEKGYLDDVPVNEISSFEASLHDYMRSTHAALLHAINEAGAYDNEIEAKLKKAVEEFKNTGSW","(517, 55528, '406D720F0BC0A2F2')","[('PubMed', '15448271'), ('DOI', '10.1126/science.1099776')]"
"G8UXF2","G8UXF2_LEGPN","Unreviewed","","185","G8UXF2","22-FEB-2012","RecName: Full=ATP synthase subunit delta {ECO:0000256|HAMAP-Rule:MF_01416}; AltName: Full=ATP synthase F(1) sector subunit delta {ECO:0000256|HAMAP-Rule:MF_01416}; AltName: Full=F-type ATPase subunit delta {ECO:0000256|HAMAP-Rule:MF_01416}; Short=F-ATPase subunit delta {ECO:0000256|HAMAP-Rule:MF_01416};","Name=atpH {ECO:0000256|HAMAP-Rule:MF_01416}; ORFNames=lp12_2977 {ECO:0000313|EMBL:AEW53209.1};","Legionella pneumophila subsp. pneumophila ATCC 43290.","Bacteria,Proteobacteria,Gammaproteobacteria,Legionellales,Legionellaceae,Legionella","933093","FUNCTION: F(1)F(0) ATP synthase produces ATP from ADP in the presence of a proton or sodium gradient. F-type ATPases consist of two structural domains, F(1) containing the extramembraneous catalytic core and F(0) containing the membrane proton channel, linked together by a central stalk and a peripheral stalk. During catalysis, ATP synthesis in the catalytic domain of F(1) is coupled via a rotary mechanism of the central stalk subunits to proton translocation. {ECO:0000256|HAMAP-Rule:MF_01416}.,FUNCTION: This protein is part of the stalk that links CF(0) to CF(1). It either transmits conformational changes from CF(0) to CF(1) or is implicated in proton conduction. {ECO:0000256|HAMAP- Rule:MF_01416}.,SUBCELLULAR LOCATION: Cell membrane {ECO:0000256|HAMAP- Rule:MF_01416}; Peripheral membrane protein {ECO:0000256|HAMAP- Rule:MF_01416}.,SIMILARITY: Belongs to the ATPase delta chain family. {ECO:0000256|HAMAP-Rule:MF_01416, ECO:0000256|SAAS:SAAS00673566}.","ATP synthesis,Cell membrane,CF(1),Complete proteome,Hydrogen ion transport {ECO:0000256|HAMAP-Rule:MF_01416,,ECO:0000256|SAAS:SAAS00673590},Ion transport {ECO:0000256|HAMAP-Rule:MF_01416,,ECO:0000256|SAAS:SAAS00673590},Membrane,Transport {ECO:0000256|HAMAP-Rule:MF_01416,,ECO:0000256|SAAS:SAAS00673590}","[]","MKRFKMSDSTTIARPYAKAIFEHALAEKKLSEWSEYLTLLAQVVLTPQATQFIANPASTDEQQIELLIEVCGSKFKKNDALNNLIKLLTTNKRLMLLPEIEALYEVYRAEQEKILEVDVVSYSELTPAQQQRLSESLSQRLSRKVSLKISIDPSLLGGALIRAGDLVIDGSVRGKLNMLGTSLAA","(185, 20595, 'FB46AA570B7135A3')","[('PubMed', '22374950'), ('DOI', '10.1128/JB.06626-11')]"
"Q5ZR97","ATPF_LEGPH","Reviewed","","156","Q5ZR97","14-APR-2009","RecName: Full=ATP synthase subunit b {ECO:0000255|HAMAP-Rule:MF_01398}; AltName: Full=ATP synthase F(0) sector subunit b {ECO:0000255|HAMAP-Rule:MF_01398}; AltName: Full=ATPase subunit I {ECO:0000255|HAMAP-Rule:MF_01398}; AltName: Full=F-type ATPase subunit b {ECO:0000255|HAMAP-Rule:MF_01398}; Short=F-ATPase subunit b {ECO:0000255|HAMAP-Rule:MF_01398};","Name=atpF {ECO:0000255|HAMAP-Rule:MF_01398}; OrderedLocusNames=lpg2986;","Legionella pneumophila subsp. pneumophila (strain Philadelphia 1 / ATCC 33152 / DSM 7513).","Bacteria,Proteobacteria,Gammaproteobacteria,Legionellales,Legionellaceae,Legionella","272624","FUNCTION: F(1)F(0) ATP synthase produces ATP from ADP in the presence of a proton or sodium gradient. F-type ATPases consist of two structural domains, F(1) containing the extramembraneous catalytic core and F(0) containing the membrane proton channel, linked together by a central stalk and a peripheral stalk. During catalysis, ATP synthesis in the catalytic domain of F(1) is coupled via a rotary mechanism of the central stalk subunits to proton translocation. {ECO:0000255|HAMAP-Rule:MF_01398}.,FUNCTION: Component of the F(0) channel, it forms part of the peripheral stalk, linking F(1) to F(0). {ECO:0000255|HAMAP- Rule:MF_01398}.,SUBUNIT: F-type ATPases have 2 components, F(1) - the catalytic core - and F(0) - the membrane proton channel. F(1) has five subunits: alpha(3), beta(3), gamma(1), delta(1), epsilon(1). F(0) has three main subunits: a(1), b(2) and c(10-14). The alpha and beta chains form an alternating ring which encloses part of the gamma chain. F(1) is attached to F(0) by a central stalk formed by the gamma and epsilon chains, while a peripheral stalk is formed by the delta and b chains. {ECO:0000255|HAMAP-Rule:MF_01398}.,SUBCELLULAR LOCATION: Cell inner membrane {ECO:0000255|HAMAP- Rule:MF_01398}; Single-pass membrane protein {ECO:0000255|HAMAP- Rule:MF_01398}.,SIMILARITY: Belongs to the ATPase B chain family. {ECO:0000255|HAMAP-Rule:MF_01398}.","ATP synthesis,Cell inner membrane,Cell membrane,CF(0),Complete proteome,Hydrogen ion transport,Ion transport,Membrane,Reference proteome,Transmembrane,Transmembrane helix,Transport","[('CHAIN', 1, 156, 'ATP synthase subunit b.', 'PRO_0000368556'), ('TRANSMEM', 5, 25, 'Helical. {ECO:0000255|HAMAP- Rule:MF_01398}.', '')]","MDINLTLIVQMLVFAAFVLFTMKLVWPPLAKALEERQDKIADGLAAAERGRKELELAQHRVKDELKQAKAHSADIIDKANKRASEIIEAAKEAAKREAQIQAKLAQEQIAQQVNHAKEELRKQVAKLAITGAEKILMREVDAKANSELLDNLIEEI","(156, 17456, '3ECC103BFF13A64B')","[('PubMed', '15448271'), ('DOI', '10.1126/science.1099776')]"
"Q5ZR96","Q5ZR96_LEGPH","Unreviewed","","91","Q5ZR96","23-NOV-2004","RecName: Full=ATP synthase subunit c {ECO:0000256|HAMAP-Rule:MF_01396}; AltName: Full=ATP synthase F(0) sector subunit c {ECO:0000256|HAMAP-Rule:MF_01396}; AltName: Full=F-type ATPase subunit c {ECO:0000256|HAMAP-Rule:MF_01396}; Short=F-ATPase subunit c {ECO:0000256|HAMAP-Rule:MF_01396}; AltName: Full=Lipid-binding protein {ECO:0000256|HAMAP-Rule:MF_01396};","Name=atpE {ECO:0000256|HAMAP-Rule:MF_01396, ECO:0000313|EMBL:AAU29032.1}; OrderedLocusNames=lpg2987 {ECO:0000313|EMBL:AAU29032.1};","Legionella pneumophila subsp. pneumophila (strain Philadelphia 1 / ATCC 33152 / DSM 7513).","Bacteria,Proteobacteria,Gammaproteobacteria,Legionellales,Legionellaceae,Legionella","272624","FUNCTION: F(1)F(0) ATP synthase produces ATP from ADP in the presence of a proton or sodium gradient. F-type ATPases consist of two structural domains, F(1) containing the extramembraneous catalytic core and F(0) containing the membrane proton channel, linked together by a central stalk and a peripheral stalk. During catalysis, ATP synthesis in the catalytic domain of F(1) is coupled via a rotary mechanism of the central stalk subunits to proton translocation. {ECO:0000256|HAMAP-Rule:MF_01396}.,FUNCTION: Key component of the F(0) channel; it plays a direct role in translocation across the membrane. A homomeric c-ring of between 10-14 subunits forms the central stalk rotor element with the F(1) delta and epsilon subunits. {ECO:0000256|HAMAP- Rule:MF_01396}.,SUBUNIT: F-type ATPases have 2 components, F(1) - the catalytic core - and F(0) - the membrane proton channel. F(1) has five subunits: alpha(3), beta(3), gamma(1), delta(1), epsilon(1). F(0) has three main subunits: a(1), b(2) and c(10-14). The alpha and beta chains form an alternating ring which encloses part of the gamma chain. F(1) is attached to F(0) by a central stalk formed by the gamma and epsilon chains, while a peripheral stalk is formed by the delta and b chains. {ECO:0000256|HAMAP-Rule:MF_01396, ECO:0000256|SAAS:SAAS00732135}.,SUBCELLULAR LOCATION: Cell inner membrane {ECO:0000256|HAMAP- Rule:MF_01396}; Multi-pass membrane protein {ECO:0000256|HAMAP- Rule:MF_01396}.,SIMILARITY: Belongs to the ATPase C chain family. {ECO:0000256|HAMAP-Rule:MF_01396}.","ATP synthesis,Cell inner membrane,Cell membrane,CF(0),Complete proteome,Hydrogen ion transport,Hydrolase,Ion transport,Lipid-binding,Membrane,Reference proteome,Transmembrane,Transmembrane helix,Transport","[('TRANSMEM', 15, 37, 'Helical. {ECO:0000256|HAMAP- Rule:MF_01396}.', ''), ('TRANSMEM', 58, 82, 'Helical. {ECO:0000256|HAMAP- Rule:MF_01396}.', ''), ('DOMAIN', 16, 78, 'ATP-synt_C. {ECO:0000259|Pfam:PF00137}.', ''), ('SITE', 66, 66, 'Reversibly protonated during proton transport. {ECO:0000256|HAMAP- Rule:MF_01396}.', '')]","MQAAELIAQVQSMTVIAVALLIGLGALGTAIGFGLLGGKFLEGSARQPEMVPMLQVKMFIVAGLLDAVTMIGVGIALFFTFANPFLSSLGS","(91, 9343, '817FF1E5C6634696')","[('PubMed', '15448271'), ('DOI', '10.1126/science.1099776')]"
"Q5ZR95","Q5ZR95_LEGPH","Unreviewed","","292","Q5ZR95","23-NOV-2004","RecName: Full=ATP synthase subunit a {ECO:0000256|HAMAP-Rule:MF_01393, ECO:0000256|RuleBase:RU000483}; AltName: Full=ATP synthase F0 sector subunit a {ECO:0000256|HAMAP-Rule:MF_01393}; AltName: Full=F-ATPase subunit 6 {ECO:0000256|HAMAP-Rule:MF_01393};","Name=atpB {ECO:0000256|HAMAP-Rule:MF_01393, ECO:0000313|EMBL:AAU29033.1}; OrderedLocusNames=lpg2988 {ECO:0000313|EMBL:AAU29033.1};","Legionella pneumophila subsp. pneumophila (strain Philadelphia 1 / ATCC 33152 / DSM 7513).","Bacteria,Proteobacteria,Gammaproteobacteria,Legionellales,Legionellaceae,Legionella","272624","FUNCTION: Key component of the proton channel; it plays a direct role in the translocation of protons across the membrane. {ECO:0000256|HAMAP-Rule:MF_01393, ECO:0000256|RuleBase:RU000483}.,SUBUNIT: F-type ATPases have 2 components, CF(1) - the catalytic core - and CF(0) - the membrane proton channel. CF(1) has five subunits: alpha(3), beta(3), gamma(1), delta(1), epsilon(1). CF(0) has three main subunits: a(1), b(2) and c(9-12). The alpha and beta chains form an alternating ring which encloses part of the gamma chain. CF(1) is attached to CF(0) by a central stalk formed by the gamma and epsilon chains, while a peripheral stalk is formed by the delta and b chains. {ECO:0000256|HAMAP- Rule:MF_01393}.,SUBCELLULAR LOCATION: Cell inner membrane {ECO:0000256|HAMAP- Rule:MF_01393}; Multi-pass membrane protein {ECO:0000256|HAMAP- Rule:MF_01393}. Cell membrane {ECO:0000256|RuleBase:RU000483}; Multi-pass membrane protein {ECO:0000256|RuleBase:RU000483}.,SIMILARITY: Belongs to the ATPase A chain family. {ECO:0000256|HAMAP-Rule:MF_01393, ECO:0000256|RuleBase:RU000483}.","ATP synthesis,Cell inner membrane,Cell membrane,CF(0) {ECO:0000256|HAMAP-Rule:MF_01393,,ECO:0000256|RuleBase:RU000483},Complete proteome,Hydrogen ion transport {ECO:0000256|HAMAP-Rule:MF_01393,,ECO:0000256|RuleBase:RU000483},Hydrolase,Ion transport {ECO:0000256|HAMAP-Rule:MF_01393,,ECO:0000256|RuleBase:RU000483},Membrane,Reference proteome,Transmembrane,Transmembrane helix,Transport {ECO:0000256|HAMAP-Rule:MF_01393,,ECO:0000256|RuleBase:RU000483}","[('TRANSMEM', 55, 73, 'Helical. {ECO:0000256|HAMAP- Rule:MF_01393}.', ''), ('TRANSMEM', 109, 127, 'Helical. {ECO:0000256|HAMAP- Rule:MF_01393}.', ''), ('TRANSMEM', 155, 174, 'Helical. {ECO:0000256|HAMAP- Rule:MF_01393}.', ''), ('TRANSMEM', 223, 246, 'Helical. {ECO:0000256|HAMAP- Rule:MF_01393}.', ''), ('TRANSMEM', 258, 287, 'Helical. {ECO:0000256|HAMAP- Rule:MF_01393}.', '')]","MPHGLLSINRIGQKVTEMVSSTNYIKHHLTYLTYNVNDMTFGSSGGFWTLNLDTIFFSIALGLIALAIMYLAARKVTTGVPGKLQNFAELMLEFADNQVKDCFHGKNNLIGPLALTIFMWVFLMNFMDIVPVDILPVLAQLVGIHYLKVVPTNDLNLTFGLSLSVFFLIVFYSLKIKGVKGFVKELTLQPFNHPLFIPFNLLLELVGLIAKPISLALRLFGNLYAGELIFILIALLTLNATTSSLISTMTLGTAQFILALAWSIFHILVITLQAFIFMVLTIVYLSLAHEDH","(292, 32530, '33D04E43A20952C0')","[('PubMed', '15448271'), ('DOI', '10.1126/science.1099776')]"
"Q5ZR94","Q5ZR94_LEGPH","Unreviewed","","131","Q5ZR94","23-NOV-2004","SubName: Full=ATP synthase protein I {ECO:0000313|EMBL:AAU29034.1};","Name=atpI {ECO:0000313|EMBL:AAU29034.1}; OrderedLocusNames=lpg2989 {ECO:0000313|EMBL:AAU29034.1};","Legionella pneumophila subsp. pneumophila (strain Philadelphia 1 / ATCC 33152 / DSM 7513).","Bacteria,Proteobacteria,Gammaproteobacteria,Legionellales,Legionellaceae,Legionella","272624","","Complete proteome,Membrane,Reference proteome,Transmembrane,Transmembrane helix","[('TRANSMEM', 12, 34, 'Helical. {ECO:0000256|SAM:Phobius}.', ''), ('TRANSMEM', 40, 59, 'Helical. {ECO:0000256|SAM:Phobius}.', ''), ('TRANSMEM', 79, 95, 'Helical. {ECO:0000256|SAM:Phobius}.', ''), ('TRANSMEM', 101, 122, 'Helical. {ECO:0000256|SAM:Phobius}.', '')]","MNKQLNKRGITRLWLAQLGVTIILAGLCAILFGVNAASSALLGGLVCIIPNAYFAIKLFKHQGARAARQIVNSFYKGEALKIILSMFLFALVFLLCRITPAAFFASYILVLMTHWFAPWIIVNKQNRPKSD","(131, 14570, '9FC7DD423DCC7C8A')","[('PubMed', '15448271'), ('DOI', '10.1126/science.1099776')]"
